,Mouse ID,Timepoint,Tumor Volume (mm3),Metastatic Sites,Drug Regimen,Sex,Age_months,Weight (g)
0,b128,0,45.0,0,Capomulin,Female,9,22
1,b128,5,45.7,0,Capomulin,Female,9,22
2,b128,10,43.3,0,Capomulin,Female,9,22
3,b128,15,43.8,0,Capomulin,Female,9,22
4,b128,20,42.7,0,Capomulin,Female,9,22
5,b128,25,43.3,1,Capomulin,Female,9,22
6,b128,30,40.6,1,Capomulin,Female,9,22
7,b128,35,38.0,1,Capomulin,Female,9,22
8,b128,40,38.4,2,Capomulin,Female,9,22
9,b128,45,39.0,2,Capomulin,Female,9,22
10,f932,0,45.0,0,Ketapril,Male,15,29
11,g107,0,45.0,0,Ketapril,Female,2,29
12,g107,5,48.8,0,Ketapril,Female,2,29
13,g107,10,53.4,0,Ketapril,Female,2,29
14,g107,15,58.1,0,Ketapril,Female,2,29
15,g107,20,62.7,0,Ketapril,Female,2,29
16,g107,25,64.7,0,Ketapril,Female,2,29
17,g107,30,69.2,0,Ketapril,Female,2,29
18,g107,35,71.9,0,Ketapril,Female,2,29
19,a457,0,45.0,0,Ketapril,Female,11,30
20,a457,5,47.5,0,Ketapril,Female,11,30
21,a457,10,49.8,0,Ketapril,Female,11,30
22,c819,0,45.0,0,Ketapril,Male,21,25
23,c819,5,45.8,1,Ketapril,Male,21,25
24,c819,10,46.7,1,Ketapril,Male,21,25
25,c819,15,48.4,1,Ketapril,Male,21,25
26,c819,20,49.8,1,Ketapril,Male,21,25
27,c819,25,51.8,1,Ketapril,Male,21,25
28,c819,30,56.1,1,Ketapril,Male,21,25
29,c819,35,57.7,1,Ketapril,Male,21,25
30,c819,40,62.2,1,Ketapril,Male,21,25
31,h246,0,45.0,0,Ketapril,Male,13,30
32,h246,5,49.5,0,Ketapril,Male,13,30
33,h246,10,51.4,1,Ketapril,Male,13,30
34,h246,15,56.2,1,Ketapril,Male,13,30
35,h246,20,57.9,1,Ketapril,Male,13,30
36,h246,25,59.5,1,Ketapril,Male,13,30
37,h246,30,63.6,1,Ketapril,Male,13,30
38,h246,35,67.2,2,Ketapril,Male,13,30
39,h246,40,71.2,2,Ketapril,Male,13,30
40,h246,45,74.1,2,Ketapril,Male,13,30
41,p189,0,45.0,0,Ketapril,Male,8,28
42,p189,5,49.0,1,Ketapril,Male,8,28
43,p189,10,51.6,2,Ketapril,Male,8,28
44,p189,15,53.7,2,Ketapril,Male,8,28
45,p189,20,56.5,3,Ketapril,Male,8,28
46,p189,25,62.1,3,Ketapril,Male,8,28
47,p189,30,67.1,4,Ketapril,Male,8,28
48,p189,35,67.9,4,Ketapril,Male,8,28
49,p189,40,74.1,4,Ketapril,Male,8,28
50,p189,45,75.3,4,Ketapril,Male,8,28
51,n923,0,45.0,0,Ketapril,Male,19,30
52,n923,5,45.8,0,Ketapril,Male,19,30
53,n923,10,48.8,1,Ketapril,Male,19,30
54,n923,15,51.7,1,Ketapril,Male,19,30
55,n923,20,52.6,1,Ketapril,Male,19,30
56,n923,25,56.9,2,Ketapril,Male,19,30
57,n923,30,59.6,3,Ketapril,Male,19,30
58,n923,35,60.4,3,Ketapril,Male,19,30
59,n923,40,66.2,3,Ketapril,Male,19,30
60,q119,0,45.0,0,Ketapril,Male,17,30
61,q119,5,47.9,0,Ketapril,Male,17,30
62,q119,10,51.2,0,Ketapril,Male,17,30
63,f993,0,45.0,0,Naftisol,Male,21,28
64,f993,5,46.4,0,Naftisol,Male,21,28
65,f993,10,48.2,0,Naftisol,Male,21,28
66,f993,15,49.1,1,Naftisol,Male,21,28
67,f993,20,52.1,1,Naftisol,Male,21,28
68,z234,0,45.0,0,Naftisol,Female,19,27
69,z234,5,46.1,1,Naftisol,Female,19,27
70,b559,0,45.0,0,Naftisol,Male,20,26
71,b559,5,47.4,0,Naftisol,Male,20,26
72,b559,10,48.0,0,Naftisol,Male,20,26
73,b559,15,51.4,0,Naftisol,Male,20,26
74,b559,20,55.7,1,Naftisol,Male,20,26
75,b559,25,57.0,1,Naftisol,Male,20,26
76,b559,30,61.2,1,Naftisol,Male,20,26
77,b559,35,65.7,1,Naftisol,Male,20,26
78,b559,40,70.0,1,Naftisol,Male,20,26
79,b559,45,73.1,1,Naftisol,Male,20,26
80,y260,0,45.0,0,Ketapril,Female,7,25
81,y260,5,46.8,0,Ketapril,Female,7,25
82,y260,10,48.1,1,Ketapril,Female,7,25
83,y260,15,50.2,2,Ketapril,Female,7,25
84,y260,20,50.7,3,Ketapril,Female,7,25
85,y260,25,54.4,4,Ketapril,Female,7,25
86,y260,30,58.6,4,Ketapril,Female,7,25
87,y260,35,59.6,4,Ketapril,Female,7,25
88,y260,40,60.9,4,Ketapril,Female,7,25
89,y260,45,62.9,4,Ketapril,Female,7,25
90,x930,0,45.0,0,Naftisol,Male,13,26
91,x930,5,46.1,0,Naftisol,Male,13,26
92,x930,10,50.3,0,Naftisol,Male,13,26
93,x930,15,52.0,0,Naftisol,Male,13,26
94,x930,20,52.6,0,Naftisol,Male,13,26
95,x930,25,53.7,0,Naftisol,Male,13,26
96,o725,0,45.0,0,Naftisol,Male,4,26
97,o725,5,46.9,0,Naftisol,Male,4,26
98,o725,10,48.2,0,Naftisol,Male,4,26
99,o725,15,50.0,1,Naftisol,Male,4,26
100,z969,0,45.0,0,Naftisol,Male,9,30
101,z969,5,49.3,0,Naftisol,Male,9,30
102,z969,10,52.7,1,Naftisol,Male,9,30
103,z969,15,54.7,2,Naftisol,Male,9,30
104,z969,20,57.9,2,Naftisol,Male,9,30
105,z969,25,63.1,2,Naftisol,Male,9,30
106,z969,30,65.8,3,Naftisol,Male,9,30
107,z969,35,69.2,4,Naftisol,Male,9,30
108,z969,40,70.3,4,Naftisol,Male,9,30
109,z969,45,73.9,4,Naftisol,Male,9,30
110,v835,0,45.0,0,Naftisol,Male,7,29
111,v835,5,47.2,0,Naftisol,Male,7,29
112,v835,10,49.0,0,Naftisol,Male,7,29
113,v835,15,50.5,1,Naftisol,Male,7,29
114,v835,20,51.3,2,Naftisol,Male,7,29
115,r604,0,45.0,0,Naftisol,Male,7,30
116,r604,5,47.1,1,Naftisol,Male,7,30
117,r604,10,48.8,1,Naftisol,Male,7,30
118,r604,15,51.1,1,Naftisol,Male,7,30
119,r604,20,51.9,1,Naftisol,Male,7,30
120,r604,25,52.9,1,Naftisol,Male,7,30
121,r604,30,54.7,2,Naftisol,Male,7,30
122,r604,35,59.2,2,Naftisol,Male,7,30
123,r604,40,60.2,2,Naftisol,Male,7,30
124,r604,45,62.7,3,Naftisol,Male,7,30
125,n304,0,45.0,0,Naftisol,Male,9,26
126,n304,5,46.4,0,Naftisol,Male,9,26
127,n304,10,47.2,0,Naftisol,Male,9,26
128,n304,15,48.5,0,Naftisol,Male,9,26
129,n304,20,49.3,1,Naftisol,Male,9,26
130,n304,25,54.0,2,Naftisol,Male,9,26
131,n304,30,55.0,3,Naftisol,Male,9,26
132,n304,35,57.1,4,Naftisol,Male,9,26
133,n304,40,59.8,4,Naftisol,Male,9,26
134,n304,45,63.6,4,Naftisol,Male,9,26
135,l700,0,45.0,0,Naftisol,Female,18,27
136,l700,5,45.9,0,Naftisol,Female,18,27
137,l700,10,47.0,1,Naftisol,Female,18,27
138,l700,15,49.0,1,Naftisol,Female,18,27
139,l700,20,50.7,1,Naftisol,Female,18,27
140,l700,25,54.2,1,Naftisol,Female,18,27
141,l700,30,56.7,1,Naftisol,Female,18,27
142,l700,35,61.5,1,Naftisol,Female,18,27
143,l700,40,63.0,1,Naftisol,Female,18,27
144,l700,45,63.9,1,Naftisol,Female,18,27
145,x336,0,45.0,0,Naftisol,Female,4,29
146,l725,0,45.0,0,Naftisol,Female,8,26
147,l725,5,48.7,1,Naftisol,Female,8,26
148,l725,10,50.8,2,Naftisol,Female,8,26
149,l725,15,54.2,2,Naftisol,Female,8,26
150,l725,20,59.6,2,Naftisol,Female,8,26
151,l725,25,65.0,2,Naftisol,Female,8,26
152,l725,30,66.6,3,Naftisol,Female,8,26
153,l725,35,69.1,3,Naftisol,Female,8,26
154,l725,40,73.7,3,Naftisol,Female,8,26
155,l725,45,76.7,3,Naftisol,Female,8,26
156,m133,0,45.0,0,Naftisol,Female,2,26
157,m133,5,46.6,0,Naftisol,Female,2,26
158,m133,10,47.5,0,Naftisol,Female,2,26
159,m133,15,48.7,1,Naftisol,Female,2,26
160,m133,20,52.6,1,Naftisol,Female,2,26
161,m133,25,54.1,2,Naftisol,Female,2,26
162,v295,0,45.0,0,Naftisol,Female,2,27
163,v295,5,46.1,1,Naftisol,Female,2,27
164,v295,10,47.5,2,Naftisol,Female,2,27
165,v295,15,50.7,2,Naftisol,Female,2,27
166,v295,20,55.7,3,Naftisol,Female,2,27
167,v295,25,57.7,3,Naftisol,Female,2,27
168,v295,30,59.3,3,Naftisol,Female,2,27
169,v295,35,61.9,3,Naftisol,Female,2,27
170,v295,40,65.5,3,Naftisol,Female,2,27
171,a818,0,45.0,0,Naftisol,Female,12,28
172,a818,5,45.7,0,Naftisol,Female,12,28
173,a818,10,49.8,0,Naftisol,Female,12,28
174,a818,15,51.2,0,Naftisol,Female,12,28
175,a818,20,54.8,0,Naftisol,Female,12,28
176,a818,25,57.0,0,Naftisol,Female,12,28
177,a818,30,60.1,0,Naftisol,Female,12,28
178,a818,35,63.3,0,Naftisol,Female,12,28
179,a818,40,69.3,1,Naftisol,Female,12,28
180,a818,45,75.0,2,Naftisol,Female,12,28
181,y601,0,45.0,0,Naftisol,Female,23,25
182,y601,5,48.5,1,Naftisol,Female,23,25
183,t724,0,45.0,0,Naftisol,Female,2,25
184,t724,5,46.4,0,Naftisol,Female,2,25
185,t724,10,50.7,0,Naftisol,Female,2,25
186,t724,15,55.6,0,Naftisol,Female,2,25
187,t724,20,57.2,0,Naftisol,Female,2,25
188,t724,25,59.8,1,Naftisol,Female,2,25
189,t724,30,64.2,2,Naftisol,Female,2,25
190,t724,35,67.7,2,Naftisol,Female,2,25
191,t724,40,69.7,2,Naftisol,Female,2,25
192,t724,45,75.1,2,Naftisol,Female,2,25
193,k382,0,45.0,0,Ketapril,Male,22,29
194,k382,5,46.3,1,Ketapril,Male,22,29
195,k382,10,50.2,1,Ketapril,Male,22,29
196,k382,15,54.4,1,Ketapril,Male,22,29
197,k382,20,57.8,2,Ketapril,Male,22,29
198,k382,25,59.5,3,Ketapril,Male,22,29
199,k382,30,63.5,4,Ketapril,Male,22,29
200,k382,35,66.1,4,Ketapril,Male,22,29
201,k382,40,67.4,4,Ketapril,Male,22,29
202,k382,45,73.7,4,Ketapril,Male,22,29
203,w422,0,45.0,0,Ketapril,Female,18,26
204,w422,5,48.5,0,Ketapril,Female,18,26
205,w422,10,49.9,0,Ketapril,Female,18,26
206,w422,15,52.2,0,Ketapril,Female,18,26
207,w422,20,53.7,1,Ketapril,Female,18,26
208,w422,25,57.0,2,Ketapril,Female,18,26
209,w422,30,60.1,3,Ketapril,Female,18,26
210,w422,35,61.4,4,Ketapril,Female,18,26
211,w422,40,63.1,4,Ketapril,Female,18,26
212,w422,45,68.0,4,Ketapril,Female,18,26
213,c326,0,45.0,0,Infubinol,Female,18,25
214,c326,5,36.3,0,Infubinol,Female,18,25
215,c139,0,45.0,0,Infubinol,Male,11,28
216,c139,5,48.8,0,Infubinol,Male,11,28
217,c139,10,50.0,0,Infubinol,Male,11,28
218,c139,15,51.8,0,Infubinol,Male,11,28
219,c139,20,56.7,0,Infubinol,Male,11,28
220,c139,25,61.5,0,Infubinol,Male,11,28
221,c139,30,64.1,1,Infubinol,Male,11,28
222,c139,35,67.8,1,Infubinol,Male,11,28
223,c139,40,69.4,2,Infubinol,Male,11,28
224,c139,45,72.2,2,Infubinol,Male,11,28
225,v339,0,45.0,0,Infubinol,Male,20,26
226,v339,5,46.3,0,Infubinol,Male,20,26
227,a577,0,45.0,0,Infubinol,Female,6,25
228,a577,5,46.2,1,Infubinol,Female,6,25
229,a577,10,49.5,1,Infubinol,Female,6,25
230,a577,15,50.9,2,Infubinol,Female,6,25
231,a577,20,52.4,2,Infubinol,Female,6,25
232,a577,25,54.4,2,Infubinol,Female,6,25
233,a577,30,57.0,2,Infubinol,Female,6,25
234,y163,0,45.0,0,Infubinol,Female,17,27
235,y163,5,48.3,0,Infubinol,Female,17,27
236,y163,10,49.1,1,Infubinol,Female,17,27
237,y163,15,51.5,1,Infubinol,Female,17,27
238,y163,20,54.6,1,Infubinol,Female,17,27
239,y163,25,56.2,1,Infubinol,Female,17,27
240,y163,30,59.4,2,Infubinol,Female,17,27
241,y163,35,61.7,2,Infubinol,Female,17,27
242,y163,40,63.6,2,Infubinol,Female,17,27
243,y163,45,67.7,3,Infubinol,Female,17,27
244,k483,0,45.0,0,Infubinol,Female,20,30
245,k483,5,46.6,0,Infubinol,Female,20,30
246,k483,10,50.3,1,Infubinol,Female,20,30
247,k483,15,53.2,1,Infubinol,Female,20,30
248,k483,20,54.8,1,Infubinol,Female,20,30
249,k483,25,57.4,2,Infubinol,Female,20,30
250,k483,30,59.7,2,Infubinol,Female,20,30
251,k483,35,60.5,2,Infubinol,Female,20,30
252,k483,40,64.1,3,Infubinol,Female,20,30
253,k483,45,66.2,3,Infubinol,Female,20,30
254,k804,0,45.0,0,Infubinol,Female,23,29
255,k804,5,48.3,0,Infubinol,Female,23,29
256,k804,10,49.5,0,Infubinol,Female,23,29
257,k804,15,50.5,0,Infubinol,Female,23,29
258,k804,20,54.5,0,Infubinol,Female,23,29
259,k804,25,55.7,1,Infubinol,Female,23,29
260,k804,30,59.2,2,Infubinol,Female,23,29
261,k804,35,62.1,2,Infubinol,Female,23,29
262,o809,0,45.0,0,Infubinol,Male,3,25
263,o809,5,46.9,0,Infubinol,Male,3,25
264,o809,10,48.7,0,Infubinol,Male,3,25
265,o809,15,49.7,1,Infubinol,Male,3,25
266,o809,20,50.3,1,Infubinol,Male,3,25
267,o809,25,52.3,1,Infubinol,Male,3,25
268,o809,30,54.8,1,Infubinol,Male,3,25
269,o809,35,55.6,1,Infubinol,Male,3,25
270,z581,0,45.0,0,Infubinol,Female,24,25
271,z581,5,49.3,1,Infubinol,Female,24,25
272,z581,10,50.5,2,Infubinol,Female,24,25
273,z581,15,51.2,2,Infubinol,Female,24,25
274,z581,20,51.8,2,Infubinol,Female,24,25
275,z581,25,54.3,2,Infubinol,Female,24,25
276,z581,30,56.3,2,Infubinol,Female,24,25
277,z581,35,58.6,3,Infubinol,Female,24,25
278,z581,40,60.1,3,Infubinol,Female,24,25
279,z581,45,62.8,3,Infubinol,Female,24,25
280,a251,0,45.0,0,Infubinol,Female,21,25
281,a251,5,47.0,0,Infubinol,Female,21,25
282,a251,10,48.6,1,Infubinol,Female,21,25
283,a251,15,50.5,1,Infubinol,Female,21,25
284,a251,20,54.5,1,Infubinol,Female,21,25
285,a251,25,57.4,1,Infubinol,Female,21,25
286,a251,30,59.9,1,Infubinol,Female,21,25
287,a251,35,60.9,1,Infubinol,Female,21,25
288,a251,40,63.1,1,Infubinol,Female,21,25
289,a251,45,65.5,1,Infubinol,Female,21,25
290,i386,0,45.0,0,Infubinol,Female,23,29
291,i386,5,46.9,1,Infubinol,Female,23,29
292,i386,10,49.9,2,Infubinol,Female,23,29
293,i386,15,51.7,2,Infubinol,Female,23,29
294,i386,20,55.1,2,Infubinol,Female,23,29
295,i386,25,56.7,3,Infubinol,Female,23,29
296,i386,30,59.1,3,Infubinol,Female,23,29
297,i386,35,64.9,3,Infubinol,Female,23,29
298,i386,40,67.3,4,Infubinol,Female,23,29
299,c580,0,45.0,0,Ketapril,Male,22,25
300,c580,5,46.6,0,Ketapril,Male,22,25
301,c580,10,47.6,1,Ketapril,Male,22,25
302,c580,15,52.0,1,Ketapril,Male,22,25
303,c580,20,55.6,2,Ketapril,Male,22,25
304,c580,25,56.3,2,Ketapril,Male,22,25
305,c580,30,58.0,3,Ketapril,Male,22,25
306,q132,0,45.0,0,Infubinol,Female,1,30
307,q132,5,46.7,1,Infubinol,Female,1,30
308,q132,10,48.0,2,Infubinol,Female,1,30
309,q132,15,49.2,3,Infubinol,Female,1,30
310,q132,20,51.9,4,Infubinol,Female,1,30
311,q132,25,52.8,4,Infubinol,Female,1,30
312,q132,30,54.7,4,Infubinol,Female,1,30
313,u327,0,45.0,0,Ketapril,Male,17,25
314,u327,5,45.7,0,Ketapril,Male,17,25
315,u327,10,49.2,0,Ketapril,Male,17,25
316,u327,15,50.7,0,Ketapril,Male,17,25
317,u327,20,53.2,0,Ketapril,Male,17,25
318,u327,25,56.1,0,Ketapril,Male,17,25
319,u327,30,57.3,0,Ketapril,Male,17,25
320,u327,35,58.1,1,Ketapril,Male,17,25
321,u327,40,60.5,1,Ketapril,Male,17,25
322,u327,45,66.3,2,Ketapril,Male,17,25
323,v603,0,45.0,0,Ketapril,Female,22,30
324,v603,5,46.0,0,Ketapril,Female,22,30
325,v603,10,47.8,0,Ketapril,Female,22,30
326,v603,15,52.1,0,Ketapril,Female,22,30
327,v603,20,53.7,0,Ketapril,Female,22,30
328,v603,25,56.1,1,Ketapril,Female,22,30
329,v603,30,58.0,1,Ketapril,Female,22,30
330,v603,35,63.2,1,Ketapril,Female,22,30
331,f278,0,45.0,0,Ketapril,Male,12,30
332,f278,5,48.2,0,Ketapril,Male,12,30
333,g497,0,45.0,0,Ketapril,Male,19,28
334,g497,5,48.8,0,Ketapril,Male,19,28
335,g497,10,49.6,0,Ketapril,Male,19,28
336,g497,15,53.6,1,Ketapril,Male,19,28
337,g497,20,55.1,1,Ketapril,Male,19,28
338,g497,25,57.5,2,Ketapril,Male,19,28
339,g497,30,61.1,2,Ketapril,Male,19,28
340,g497,35,64.1,2,Ketapril,Male,19,28
341,g497,40,67.7,2,Ketapril,Male,19,28
342,g497,45,69.9,2,Ketapril,Male,19,28
343,d474,0,45.0,0,Ketapril,Male,18,27
344,d474,5,45.9,0,Ketapril,Male,18,27
345,d474,10,47.0,0,Ketapril,Male,18,27
346,d474,15,47.8,0,Ketapril,Male,18,27
347,d474,20,51.7,0,Ketapril,Male,18,27
348,d474,25,54.3,0,Ketapril,Male,18,27
349,d474,30,55.3,0,Ketapril,Male,18,27
350,d474,35,56.5,0,Ketapril,Male,18,27
351,d474,40,60.2,1,Ketapril,Male,18,27
352,o973,0,45.0,0,Ketapril,Female,11,29
353,o973,5,46.7,0,Ketapril,Female,11,29
354,o973,10,48.2,0,Ketapril,Female,11,29
355,o973,15,49.9,0,Ketapril,Female,11,29
356,o973,20,52.0,1,Ketapril,Female,11,29
357,o973,25,53.2,1,Ketapril,Female,11,29
358,o973,30,57.8,1,Ketapril,Female,11,29
359,o973,35,60.2,1,Ketapril,Female,11,29
360,o973,40,64.5,2,Ketapril,Female,11,29
361,c832,0,45.0,0,Ketapril,Male,18,29
362,c832,5,48.7,1,Ketapril,Male,18,29
363,c832,10,49.8,1,Ketapril,Male,18,29
364,c832,15,52.9,1,Ketapril,Male,18,29
365,c832,20,56.7,1,Ketapril,Male,18,29
366,c832,25,58.9,2,Ketapril,Male,18,29
367,c832,30,60.5,2,Ketapril,Male,18,29
368,c832,35,61.1,2,Ketapril,Male,18,29
369,c832,40,62.6,2,Ketapril,Male,18,29
370,c832,45,65.4,3,Ketapril,Male,18,29
371,o331,0,45.0,0,Ketapril,Male,24,30
372,o331,5,47.1,1,Ketapril,Male,24,30
373,o331,10,50.1,1,Ketapril,Male,24,30
374,o331,15,54.8,1,Ketapril,Male,24,30
375,o331,20,59.0,1,Ketapril,Male,24,30
376,o331,25,61.1,1,Ketapril,Male,24,30
377,o331,30,66.3,1,Ketapril,Male,24,30
378,o331,35,70.1,2,Ketapril,Male,24,30
379,o331,40,71.4,3,Ketapril,Male,24,30
380,o331,45,78.6,4,Ketapril,Male,24,30
381,m650,0,45.0,0,Ketapril,Male,15,27
382,m650,5,48.6,1,Ketapril,Male,15,27
383,m650,10,51.0,1,Ketapril,Male,15,27
384,m650,15,53.1,1,Ketapril,Male,15,27
385,m650,20,56.8,2,Ketapril,Male,15,27
386,m650,25,62.3,2,Ketapril,Male,15,27
387,m650,30,64.9,3,Ketapril,Male,15,27
388,m650,35,69.3,4,Ketapril,Male,15,27
389,m650,40,70.8,4,Ketapril,Male,15,27
390,m650,45,73.9,4,Ketapril,Male,15,27
391,v289,0,45.0,0,Ketapril,Female,3,26
392,v289,5,46.2,0,Ketapril,Female,3,26
393,v289,10,48.1,0,Ketapril,Female,3,26
394,v289,15,52.6,0,Ketapril,Female,3,26
395,v289,20,54.3,0,Ketapril,Female,3,26
396,v289,25,56.7,0,Ketapril,Female,3,26
397,m550,0,45.0,0,Ketapril,Male,18,28
398,m550,5,49.1,1,Ketapril,Male,18,28
399,m550,10,50.5,2,Ketapril,Male,18,28
400,m550,15,51.2,3,Ketapril,Male,18,28
401,m550,20,53.8,3,Ketapril,Male,18,28
402,m550,25,57.6,4,Ketapril,Male,18,28
403,m550,30,60.9,4,Ketapril,Male,18,28
404,m550,35,62.5,4,Ketapril,Male,18,28
405,m550,40,68.2,4,Ketapril,Male,18,28
406,m550,45,69.3,4,Ketapril,Male,18,28
407,h428,0,45.0,0,Ketapril,Female,1,27
408,r701,0,45.0,0,Naftisol,Male,21,25
409,r701,5,46.9,0,Naftisol,Male,21,25
410,r701,10,49.7,0,Naftisol,Male,21,25
411,r701,15,52.5,0,Naftisol,Male,21,25
412,r701,20,54.1,0,Naftisol,Male,21,25
413,r701,25,57.9,1,Naftisol,Male,21,25
414,r701,30,60.3,1,Naftisol,Male,21,25
415,r701,35,64.7,1,Naftisol,Male,21,25
416,r701,40,66.6,1,Naftisol,Male,21,25
417,r701,45,69.8,1,Naftisol,Male,21,25
418,v199,0,45.0,0,Naftisol,Female,17,29
419,x264,0,45.0,0,Naftisol,Female,21,27
420,x264,5,47.0,0,Naftisol,Female,21,27
421,x264,10,47.9,1,Naftisol,Female,21,27
422,x264,15,50.0,1,Naftisol,Female,21,27
423,x264,20,53.1,1,Naftisol,Female,21,27
424,x264,25,56.9,2,Naftisol,Female,21,27
425,x264,30,58.2,3,Naftisol,Female,21,27
426,x264,35,61.3,4,Naftisol,Female,21,27
427,x264,40,63.3,4,Naftisol,Female,21,27
428,f234,0,45.0,0,Stelasyn,Male,14,28
429,f234,5,47.3,0,Stelasyn,Male,14,28
430,f234,10,47.9,0,Stelasyn,Male,14,28
431,f234,15,48.7,1,Stelasyn,Male,14,28
432,f234,20,51.1,2,Stelasyn,Male,14,28
433,f234,25,52.2,2,Stelasyn,Male,14,28
434,f234,30,56.9,2,Stelasyn,Male,14,28
435,f234,35,57.7,2,Stelasyn,Male,14,28
436,c458,0,45.0,0,Ramicane,Female,23,20
437,c458,5,45.7,0,Ramicane,Female,23,20
438,c458,10,44.5,1,Ramicane,Female,23,20
439,c458,15,45.1,2,Ramicane,Female,23,20
440,c458,20,39.5,2,Ramicane,Female,23,20
441,c458,25,37.8,2,Ramicane,Female,23,20
442,c458,30,38.3,2,Ramicane,Female,23,20
443,q610,0,45.0,0,Ramicane,Female,18,21
444,q610,5,45.6,0,Ramicane,Female,18,21
445,q610,10,45.0,0,Ramicane,Female,18,21
446,q610,15,45.9,0,Ramicane,Female,18,21
447,q610,20,46.6,0,Ramicane,Female,18,21
448,q610,25,40.1,0,Ramicane,Female,18,21
449,q610,30,40.7,1,Ramicane,Female,18,21
450,q610,35,36.6,2,Ramicane,Female,18,21
451,j913,0,45.0,0,Ramicane,Female,4,17
452,j913,5,44.0,0,Ramicane,Female,4,17
453,j913,10,44.5,0,Ramicane,Female,4,17
454,j913,15,45.3,0,Ramicane,Female,4,17
455,j913,20,42.2,0,Ramicane,Female,4,17
456,j913,25,37.9,0,Ramicane,Female,4,17
457,j913,30,34.8,0,Ramicane,Female,4,17
458,j913,35,35.2,0,Ramicane,Female,4,17
459,j913,40,31.0,1,Ramicane,Female,4,17
460,j913,45,31.6,1,Ramicane,Female,4,17
461,a411,0,45.0,0,Ramicane,Male,3,22
462,a411,5,45.5,0,Ramicane,Male,3,22
463,a411,10,40.8,1,Ramicane,Male,3,22
464,a411,15,41.5,1,Ramicane,Male,3,22
465,a411,20,38.1,1,Ramicane,Male,3,22
466,a411,25,38.7,1,Ramicane,Male,3,22
467,a411,30,39.1,1,Ramicane,Male,3,22
468,a411,35,39.7,1,Ramicane,Male,3,22
469,a411,40,40.3,1,Ramicane,Male,3,22
470,a411,45,38.4,1,Ramicane,Male,3,22
471,a444,0,45.0,0,Ramicane,Female,10,25
472,a444,5,44.0,0,Ramicane,Female,10,25
473,a444,10,44.5,0,Ramicane,Female,10,25
474,a444,15,43.0,0,Ramicane,Female,10,25
475,a444,20,41.7,0,Ramicane,Female,10,25
476,a444,25,42.3,0,Ramicane,Female,10,25
477,a444,30,42.8,0,Ramicane,Female,10,25
478,a444,35,41.7,0,Ramicane,Female,10,25
479,a444,40,42.5,0,Ramicane,Female,10,25
480,a444,45,43.0,0,Ramicane,Female,10,25
481,d251,0,45.0,0,Ramicane,Female,8,19
482,d251,5,41.7,1,Ramicane,Female,8,19
483,d251,10,42.4,1,Ramicane,Female,8,19
484,d251,15,39.5,1,Ramicane,Female,8,19
485,d251,20,37.7,1,Ramicane,Female,8,19
486,d251,25,38.1,1,Ramicane,Female,8,19
487,d251,30,38.7,2,Ramicane,Female,8,19
488,d251,35,37.7,2,Ramicane,Female,8,19
489,d251,40,38.3,2,Ramicane,Female,8,19
490,d251,45,37.3,2,Ramicane,Female,8,19
491,j989,0,45.0,0,Ramicane,Male,8,19
492,j989,5,45.6,1,Ramicane,Male,8,19
493,j989,10,46.3,1,Ramicane,Male,8,19
494,j989,15,41.1,1,Ramicane,Male,8,19
495,j989,20,41.6,1,Ramicane,Male,8,19
496,j989,25,39.9,1,Ramicane,Male,8,19
497,j989,30,34.7,1,Ramicane,Male,8,19
498,j989,35,35.1,1,Ramicane,Male,8,19
499,j989,40,35.5,1,Ramicane,Male,8,19
500,j989,45,36.1,1,Ramicane,Male,8,19
501,y449,0,45.0,0,Ramicane,Male,19,24
502,y449,5,45.9,0,Ramicane,Male,19,24
503,y449,10,46.4,0,Ramicane,Male,19,24
504,y449,15,44.2,0,Ramicane,Male,19,24
505,k403,0,45.0,0,Ramicane,Male,21,16
506,k403,5,38.8,0,Ramicane,Male,21,16
507,k403,10,35.0,1,Ramicane,Male,21,16
508,k403,15,34.2,1,Ramicane,Male,21,16
509,k403,20,33.0,1,Ramicane,Male,21,16
510,k403,25,33.5,1,Ramicane,Male,21,16
511,k403,30,31.1,1,Ramicane,Male,21,16
512,k403,35,26.5,1,Ramicane,Male,21,16
513,k403,40,24.4,1,Ramicane,Male,21,16
514,k403,45,22.1,1,Ramicane,Male,21,16
515,c758,0,45.0,0,Ramicane,Male,9,17
516,c758,5,45.6,0,Ramicane,Male,9,17
517,c758,10,46.3,0,Ramicane,Male,9,17
518,c758,15,46.9,1,Ramicane,Male,9,17
519,c758,20,43.1,1,Ramicane,Male,9,17
520,c758,25,43.6,1,Ramicane,Male,9,17
521,c758,30,44.1,1,Ramicane,Male,9,17
522,c758,35,37.8,1,Ramicane,Male,9,17
523,c758,40,32.8,1,Ramicane,Male,9,17
524,c758,45,33.4,1,Ramicane,Male,9,17
525,x402,0,45.0,0,Stelasyn,Male,21,28
526,x402,5,46.3,1,Stelasyn,Male,21,28
527,x402,10,46.9,1,Stelasyn,Male,21,28
528,x402,15,49.1,1,Stelasyn,Male,21,28
529,x402,20,50.4,2,Stelasyn,Male,21,28
530,x402,25,52.4,2,Stelasyn,Male,21,28
531,x402,30,54.4,3,Stelasyn,Male,21,28
532,x402,35,55.2,3,Stelasyn,Male,21,28
533,x402,40,56.7,3,Stelasyn,Male,21,28
534,x402,45,61.6,3,Stelasyn,Male,21,28
535,r811,0,45.0,0,Ramicane,Male,9,19
536,r811,5,45.6,0,Ramicane,Male,9,19
537,r811,10,39.5,0,Ramicane,Male,9,19
538,r811,15,40.0,0,Ramicane,Male,9,19
539,r811,20,40.8,0,Ramicane,Male,9,19
540,r811,25,37.6,0,Ramicane,Male,9,19
541,r811,30,38.2,0,Ramicane,Male,9,19
542,r811,35,36.0,1,Ramicane,Male,9,19
543,r811,40,36.5,1,Ramicane,Male,9,19
544,r811,45,37.2,1,Ramicane,Male,9,19
545,a644,0,45.0,0,Ramicane,Female,7,17
546,a644,5,45.6,0,Ramicane,Female,7,17
547,a644,10,46.4,0,Ramicane,Female,7,17
548,a644,15,46.9,0,Ramicane,Female,7,17
549,a644,20,45.9,0,Ramicane,Female,7,17
550,a644,25,41.5,0,Ramicane,Female,7,17
551,a644,30,37.2,0,Ramicane,Female,7,17
552,a644,35,35.1,0,Ramicane,Female,7,17
553,a644,40,35.8,0,Ramicane,Female,7,17
554,a644,45,33.0,1,Ramicane,Female,7,17
555,i177,0,45.0,0,Ramicane,Male,10,18
556,i177,5,44.1,0,Ramicane,Male,10,18
557,i177,10,41.0,0,Ramicane,Male,10,18
558,i177,15,40.3,0,Ramicane,Male,10,18
559,i177,20,35.3,0,Ramicane,Male,10,18
560,i177,25,34.1,1,Ramicane,Male,10,18
561,i177,30,34.7,1,Ramicane,Male,10,18
562,i177,35,35.2,1,Ramicane,Male,10,18
563,i177,40,35.6,2,Ramicane,Male,10,18
564,i177,45,33.6,3,Ramicane,Male,10,18
565,g791,0,45.0,0,Ramicane,Male,11,16
566,g791,5,45.9,0,Ramicane,Male,11,16
567,g791,10,40.2,0,Ramicane,Male,11,16
568,g791,15,40.7,0,Ramicane,Male,11,16
569,g791,20,41.2,0,Ramicane,Male,11,16
570,g791,25,35.6,1,Ramicane,Male,11,16
571,g791,30,35.0,1,Ramicane,Male,11,16
572,g791,35,31.0,1,Ramicane,Male,11,16
573,g791,40,31.4,1,Ramicane,Male,11,16
574,g791,45,29.1,1,Ramicane,Male,11,16
575,a520,0,45.0,0,Ramicane,Male,13,21
576,a520,5,38.7,0,Ramicane,Male,13,21
577,a520,10,36.4,0,Ramicane,Male,13,21
578,a520,15,35.6,0,Ramicane,Male,13,21
579,a520,20,35.9,0,Ramicane,Male,13,21
580,a520,25,36.6,1,Ramicane,Male,13,21
581,a520,30,36.9,1,Ramicane,Male,13,21
582,a520,35,37.6,1,Ramicane,Male,13,21
583,a520,40,38.3,1,Ramicane,Male,13,21
584,a520,45,38.8,1,Ramicane,Male,13,21
585,u196,0,45.0,0,Ramicane,Male,18,25
586,u196,5,45.6,1,Ramicane,Male,18,25
587,u196,10,46.4,1,Ramicane,Male,18,25
588,u196,15,47.2,1,Ramicane,Male,18,25
589,u196,20,46.1,1,Ramicane,Male,18,25
590,u196,25,46.7,1,Ramicane,Male,18,25
591,u196,30,47.6,2,Ramicane,Male,18,25
592,u196,35,47.0,2,Ramicane,Male,18,25
593,u196,40,43.5,2,Ramicane,Male,18,25
594,u196,45,40.7,3,Ramicane,Male,18,25
595,m546,0,45.0,0,Ramicane,Male,18,16
596,m546,5,43.0,0,Ramicane,Male,18,16
597,m546,10,43.7,0,Ramicane,Male,18,16
598,m546,15,39.9,0,Ramicane,Male,18,16
599,m546,20,36.7,0,Ramicane,Male,18,16
600,m546,25,37.4,0,Ramicane,Male,18,16
601,m546,30,38.0,0,Ramicane,Male,18,16
602,m546,35,38.6,1,Ramicane,Male,18,16
603,m546,40,35.1,1,Ramicane,Male,18,16
604,m546,45,30.6,1,Ramicane,Male,18,16
605,w678,0,45.0,0,Ramicane,Female,5,24
606,w678,5,43.2,0,Ramicane,Female,5,24
607,n364,0,45.0,0,Ramicane,Male,4,17
608,n364,5,45.5,0,Ramicane,Male,4,17
609,n364,10,40.4,0,Ramicane,Male,4,17
610,n364,15,36.9,0,Ramicane,Male,4,17
611,n364,20,37.5,0,Ramicane,Male,4,17
612,n364,25,33.2,0,Ramicane,Male,4,17
613,n364,30,33.8,0,Ramicane,Male,4,17
614,n364,35,34.5,1,Ramicane,Male,4,17
615,n364,40,35.0,1,Ramicane,Male,4,17
616,n364,45,31.1,1,Ramicane,Male,4,17
617,s508,0,45.0,0,Ramicane,Male,1,17
618,s508,5,38.7,0,Ramicane,Male,1,17
619,s508,10,34.9,0,Ramicane,Male,1,17
620,s508,15,35.3,0,Ramicane,Male,1,17
621,s508,20,35.9,0,Ramicane,Male,1,17
622,s508,25,36.3,0,Ramicane,Male,1,17
623,s508,30,35.5,0,Ramicane,Male,1,17
624,s508,35,35.8,0,Ramicane,Male,1,17
625,s508,40,32.8,0,Ramicane,Male,1,17
626,s508,45,30.3,0,Ramicane,Male,1,17
627,e662,0,45.0,0,Ramicane,Male,8,24
628,e662,5,45.8,0,Ramicane,Male,8,24
629,e662,10,46.4,0,Ramicane,Male,8,24
630,e662,15,43.6,0,Ramicane,Male,8,24
631,e662,20,44.0,0,Ramicane,Male,8,24
632,e662,25,44.7,1,Ramicane,Male,8,24
633,e662,30,45.4,1,Ramicane,Male,8,24
634,e662,35,43.2,1,Ramicane,Male,8,24
635,e662,40,44.0,2,Ramicane,Male,8,24
636,e662,45,40.7,2,Ramicane,Male,8,24
637,z578,0,45.0,0,Ramicane,Male,11,16
638,z578,5,42.2,0,Ramicane,Male,11,16
639,z578,10,43.0,0,Ramicane,Male,11,16
640,z578,15,38.7,0,Ramicane,Male,11,16
641,z578,20,36.9,0,Ramicane,Male,11,16
642,z578,25,37.4,0,Ramicane,Male,11,16
643,z578,30,37.8,0,Ramicane,Male,11,16
644,z578,35,38.5,0,Ramicane,Male,11,16
645,z578,40,34.0,0,Ramicane,Male,11,16
646,z578,45,30.6,0,Ramicane,Male,11,16
647,r921,0,45.0,0,Ramicane,Female,5,25
648,r921,5,45.6,0,Ramicane,Female,5,25
649,r921,10,42.7,0,Ramicane,Female,5,25
650,r921,15,43.5,0,Ramicane,Female,5,25
651,r921,20,44.1,0,Ramicane,Female,5,25
652,r921,25,42.7,1,Ramicane,Female,5,25
653,r921,30,43.4,1,Ramicane,Female,5,25
654,a492,0,45.0,0,Stelasyn,Male,20,25
655,a492,5,46.4,0,Stelasyn,Male,20,25
656,a492,10,48.4,0,Stelasyn,Male,20,25
657,a492,15,52.0,0,Stelasyn,Male,20,25
658,a492,20,53.7,0,Stelasyn,Male,20,25
659,a492,25,54.7,1,Stelasyn,Male,20,25
660,a492,30,56.2,1,Stelasyn,Male,20,25
661,a492,35,57.3,1,Stelasyn,Male,20,25
662,a492,40,57.9,1,Stelasyn,Male,20,25
663,a492,45,60.1,1,Stelasyn,Male,20,25
664,w540,0,45.0,0,Stelasyn,Female,8,26
665,w540,5,45.9,1,Stelasyn,Female,8,26
666,w540,10,47.5,1,Stelasyn,Female,8,26
667,w540,15,48.3,2,Stelasyn,Female,8,26
668,w540,20,50.7,2,Stelasyn,Female,8,26
669,w540,25,52.6,2,Stelasyn,Female,8,26
670,v764,0,45.0,0,Stelasyn,Female,5,30
671,v764,5,47.1,0,Stelasyn,Female,5,30
672,v764,10,48.2,1,Stelasyn,Female,5,30
673,v764,15,49.4,2,Stelasyn,Female,5,30
674,z795,0,45.0,0,Naftisol,Female,13,29
675,z795,5,46.8,0,Naftisol,Female,13,29
676,z795,10,48.0,0,Naftisol,Female,13,29
677,z795,15,49.4,1,Naftisol,Female,13,29
678,z795,20,53.3,1,Naftisol,Female,13,29
679,z795,25,57.9,2,Naftisol,Female,13,29
680,z795,30,59.8,2,Naftisol,Female,13,29
681,z795,35,60.4,2,Naftisol,Female,13,29
682,z795,40,62.4,3,Naftisol,Female,13,29
683,z795,45,65.7,3,Naftisol,Female,13,29
684,e291,0,45.0,0,Naftisol,Female,14,29
685,e291,5,46.1,0,Naftisol,Female,14,29
686,e291,10,48.5,1,Naftisol,Female,14,29
687,e291,15,49.3,1,Naftisol,Female,14,29
688,e291,20,52.5,1,Naftisol,Female,14,29
689,e291,25,55.1,2,Naftisol,Female,14,29
690,e584,0,45.0,0,Naftisol,Male,9,27
691,e584,5,45.7,0,Naftisol,Male,9,27
692,e584,10,47.3,0,Naftisol,Male,9,27
693,e584,15,48.4,1,Naftisol,Male,9,27
694,e584,20,50.3,2,Naftisol,Male,9,27
695,e584,25,51.4,2,Naftisol,Male,9,27
696,e584,30,55.0,3,Naftisol,Male,9,27
697,e584,35,58.1,3,Naftisol,Male,9,27
698,e584,40,62.8,4,Naftisol,Male,9,27
699,e584,45,68.4,4,Naftisol,Male,9,27
700,e213,0,45.0,0,Naftisol,Male,8,27
701,e213,5,45.7,1,Naftisol,Male,8,27
702,e213,10,47.4,2,Naftisol,Male,8,27
703,e213,15,51.8,2,Naftisol,Male,8,27
704,e213,20,52.6,2,Naftisol,Male,8,27
705,e213,25,55.2,2,Naftisol,Male,8,27
706,e213,30,56.5,3,Naftisol,Male,8,27
707,e213,35,58.2,3,Naftisol,Male,8,27
708,e213,40,60.2,3,Naftisol,Male,8,27
709,e213,45,63.1,4,Naftisol,Male,8,27
710,j755,0,45.0,0,Naftisol,Male,23,27
711,j755,5,47.2,0,Naftisol,Male,23,27
712,j755,10,48.2,0,Naftisol,Male,23,27
713,j755,15,51.5,0,Naftisol,Male,23,27
714,j755,20,55.5,1,Naftisol,Male,23,27
715,j755,25,58.1,1,Naftisol,Male,23,27
716,j755,30,60.0,1,Naftisol,Male,23,27
717,j755,35,62.7,1,Naftisol,Male,23,27
718,j755,40,67.2,1,Naftisol,Male,23,27
719,j755,45,69.6,1,Naftisol,Male,23,27
720,s565,0,45.0,0,Stelasyn,Female,3,29
721,s565,5,48.2,0,Stelasyn,Female,3,29
722,s565,10,52.8,0,Stelasyn,Female,3,29
723,s565,15,54.3,1,Stelasyn,Female,3,29
724,s565,20,57.0,1,Stelasyn,Female,3,29
725,s565,25,58.6,1,Stelasyn,Female,3,29
726,s565,30,63.7,1,Stelasyn,Female,3,29
727,s565,35,64.8,2,Stelasyn,Female,3,29
728,s565,40,67.2,2,Stelasyn,Female,3,29
729,s565,45,72.6,2,Stelasyn,Female,3,29
730,a366,0,45.0,0,Stelasyn,Female,16,29
731,a366,5,49.0,0,Stelasyn,Female,16,29
732,a366,10,53.5,0,Stelasyn,Female,16,29
733,a366,15,55.3,0,Stelasyn,Female,16,29
734,a366,20,57.3,0,Stelasyn,Female,16,29
735,a366,25,59.0,0,Stelasyn,Female,16,29
736,a366,30,63.4,1,Stelasyn,Female,16,29
737,p387,0,45.0,0,Stelasyn,Male,3,30
738,p387,5,48.7,0,Stelasyn,Male,3,30
739,p387,10,53.4,0,Stelasyn,Male,3,30
740,p387,15,55.3,0,Stelasyn,Male,3,30
741,p387,20,56.6,0,Stelasyn,Male,3,30
742,p387,25,58.1,0,Stelasyn,Male,3,30
743,p387,30,63.3,0,Stelasyn,Male,3,30
744,p387,35,66.5,1,Stelasyn,Male,3,30
745,p387,40,69.0,1,Stelasyn,Male,3,30
746,b879,0,45.0,0,Stelasyn,Female,4,26
747,b879,5,49.2,1,Stelasyn,Female,4,26
748,b879,10,50.3,1,Stelasyn,Female,4,26
749,b879,15,51.6,1,Stelasyn,Female,4,26
750,b879,20,54.0,1,Stelasyn,Female,4,26
751,b879,25,56.5,2,Stelasyn,Female,4,26
752,b879,30,60.9,2,Stelasyn,Female,4,26
753,b879,35,64.3,2,Stelasyn,Female,4,26
754,b879,40,67.2,2,Stelasyn,Female,4,26
755,b879,45,72.6,2,Stelasyn,Female,4,26
756,i901,0,45.0,0,Stelasyn,Male,23,29
757,i901,5,46.5,0,Stelasyn,Male,23,29
758,i901,10,50.4,0,Stelasyn,Male,23,29
759,i901,15,51.4,0,Stelasyn,Male,23,29
760,i901,20,56.0,0,Stelasyn,Male,23,29
761,i901,25,56.6,0,Stelasyn,Male,23,29
762,i901,30,60.6,0,Stelasyn,Male,23,29
763,i901,35,62.1,0,Stelasyn,Male,23,29
764,i901,40,64.3,0,Stelasyn,Male,23,29
765,i901,45,65.3,0,Stelasyn,Male,23,29
766,k862,0,45.0,0,Stelasyn,Female,13,25
767,k862,5,49.2,0,Stelasyn,Female,13,25
768,k862,10,50.5,1,Stelasyn,Female,13,25
769,k862,15,54.5,1,Stelasyn,Female,13,25
770,k862,20,57.1,1,Stelasyn,Female,13,25
771,k862,25,58.7,2,Stelasyn,Female,13,25
772,k862,30,60.6,3,Stelasyn,Female,13,25
773,k862,35,66.6,3,Stelasyn,Female,13,25
774,k862,40,67.6,4,Stelasyn,Female,13,25
775,k862,45,69.3,4,Stelasyn,Female,13,25
776,g867,0,45.0,0,Stelasyn,Female,9,25
777,g867,5,46.9,0,Stelasyn,Female,9,25
778,g867,10,48.2,0,Stelasyn,Female,9,25
779,g867,15,51.1,1,Stelasyn,Female,9,25
780,s619,0,45.0,0,Stelasyn,Male,22,30
781,s619,5,46.6,0,Stelasyn,Male,22,30
782,w697,0,45.0,0,Stelasyn,Female,14,30
783,w697,5,48.3,1,Stelasyn,Female,14,30
784,w697,10,48.9,2,Stelasyn,Female,14,30
785,w697,15,52.7,2,Stelasyn,Female,14,30
786,w697,20,54.2,3,Stelasyn,Female,14,30
787,w697,25,57.6,3,Stelasyn,Female,14,30
788,w697,30,60.7,3,Stelasyn,Female,14,30
789,w697,35,63.7,3,Stelasyn,Female,14,30
790,j984,0,45.0,0,Stelasyn,Female,2,30
791,j984,5,48.4,1,Stelasyn,Female,2,30
792,j984,10,50.1,1,Stelasyn,Female,2,30
793,j984,15,51.2,1,Stelasyn,Female,2,30
794,j984,20,54.4,1,Stelasyn,Female,2,30
795,j984,25,57.1,1,Stelasyn,Female,2,30
796,j984,30,61.2,1,Stelasyn,Female,2,30
797,j984,35,64.1,1,Stelasyn,Female,2,30
798,j984,40,67.8,1,Stelasyn,Female,2,30
799,j984,45,70.7,1,Stelasyn,Female,2,30
800,c402,0,45.0,0,Stelasyn,Female,1,27
801,c402,5,49.3,1,Stelasyn,Female,1,27
802,c402,10,50.6,1,Stelasyn,Female,1,27
803,c402,15,52.2,1,Stelasyn,Female,1,27
804,c402,20,54.9,2,Stelasyn,Female,1,27
805,c402,25,58.3,2,Stelasyn,Female,1,27
806,c402,30,63.7,2,Stelasyn,Female,1,27
807,c402,35,65.8,2,Stelasyn,Female,1,27
808,c402,40,70.2,2,Stelasyn,Female,1,27
809,c402,45,74.0,3,Stelasyn,Female,1,27
810,h333,0,45.0,0,Stelasyn,Male,21,27
811,h333,5,45.8,0,Stelasyn,Male,21,27
812,h333,10,46.2,1,Stelasyn,Male,21,27
813,h333,15,50.7,2,Stelasyn,Male,21,27
814,h333,20,52.0,2,Stelasyn,Male,21,27
815,h333,25,53.7,2,Stelasyn,Male,21,27
816,h333,30,55.5,2,Stelasyn,Male,21,27
817,k510,0,45.0,0,Stelasyn,Female,8,27
818,k510,5,46.6,0,Stelasyn,Female,8,27
819,k510,10,47.7,1,Stelasyn,Female,8,27
820,k510,15,49.7,1,Stelasyn,Female,8,27
821,k510,20,52.1,1,Stelasyn,Female,8,27
822,p981,0,45.0,0,Stelasyn,Male,20,29
823,p981,5,47.0,0,Stelasyn,Male,20,29
824,p981,10,47.5,0,Stelasyn,Male,20,29
825,p981,15,49.7,0,Stelasyn,Male,20,29
826,p981,20,50.4,0,Stelasyn,Male,20,29
827,p981,25,52.5,1,Stelasyn,Male,20,29
828,p981,30,56.3,1,Stelasyn,Male,20,29
829,p981,35,59.1,1,Stelasyn,Male,20,29
830,t451,0,45.0,0,Stelasyn,Male,8,29
831,t451,5,48.0,0,Stelasyn,Male,8,29
832,t451,10,49.0,0,Stelasyn,Male,8,29
833,t451,15,49.7,0,Stelasyn,Male,8,29
834,t451,20,51.1,0,Stelasyn,Male,8,29
835,t451,25,55.5,0,Stelasyn,Male,8,29
836,t451,30,59.3,0,Stelasyn,Male,8,29
837,t451,35,63.8,0,Stelasyn,Male,8,29
838,t451,40,67.7,1,Stelasyn,Male,8,29
839,t451,45,68.7,1,Stelasyn,Male,8,29
840,a963,0,45.0,0,Stelasyn,Female,23,27
841,a963,5,46.2,0,Stelasyn,Female,23,27
842,a963,10,47.2,0,Stelasyn,Female,23,27
843,a963,15,47.8,0,Stelasyn,Female,23,27
844,a963,20,51.5,0,Stelasyn,Female,23,27
845,a963,25,52.1,0,Stelasyn,Female,23,27
846,a963,30,53.4,1,Stelasyn,Female,23,27
847,a963,35,56.8,1,Stelasyn,Female,23,27
848,a963,40,58.5,1,Stelasyn,Female,23,27
849,a963,45,62.8,1,Stelasyn,Female,23,27
850,m269,0,45.0,0,Stelasyn,Female,22,28
851,m269,5,49.0,0,Stelasyn,Female,22,28
852,m269,10,50.9,0,Stelasyn,Female,22,28
853,m269,15,55.9,0,Stelasyn,Female,22,28
854,m269,20,61.1,0,Stelasyn,Female,22,28
855,m269,25,64.9,0,Stelasyn,Female,22,28
856,m269,30,67.7,1,Stelasyn,Female,22,28
857,m269,35,68.7,1,Stelasyn,Female,22,28
858,m269,40,70.2,1,Stelasyn,Female,22,28
859,m269,45,75.1,1,Stelasyn,Female,22,28
873,z314,0,45.0,0,Stelasyn,Female,21,28
874,z314,5,45.9,0,Stelasyn,Female,21,28
875,o848,0,45.0,0,Stelasyn,Female,14,27
876,v719,0,45.0,0,Infubinol,Female,17,30
877,v719,5,47.2,0,Infubinol,Female,17,30
878,v719,10,51.5,1,Infubinol,Female,17,30
879,v719,15,52.6,1,Infubinol,Female,17,30
880,v719,20,54.0,1,Infubinol,Female,17,30
881,q597,0,45.0,0,Ramicane,Male,20,25
882,q597,5,45.8,0,Ramicane,Male,20,25
883,q597,10,42.5,0,Ramicane,Male,20,25
884,q597,15,41.4,0,Ramicane,Male,20,25
885,q597,20,41.9,0,Ramicane,Male,20,25
886,q597,25,42.6,1,Ramicane,Male,20,25
887,q597,30,43.3,1,Ramicane,Male,20,25
888,q597,35,43.8,1,Ramicane,Male,20,25
889,q597,40,44.5,2,Ramicane,Male,20,25
890,q597,45,45.2,2,Ramicane,Male,20,25
891,c895,0,45.0,0,Infubinol,Female,7,29
892,c895,5,45.5,0,Infubinol,Female,7,29
893,c895,10,49.8,0,Infubinol,Female,7,29
894,c895,15,52.9,1,Infubinol,Female,7,29
895,c895,20,53.7,2,Infubinol,Female,7,29
896,c895,25,57.5,2,Infubinol,Female,7,29
897,c895,30,61.0,2,Infubinol,Female,7,29
898,a203,0,45.0,0,Infubinol,Female,20,23
899,a203,5,48.5,0,Infubinol,Female,20,23
900,a203,10,51.9,1,Infubinol,Female,20,23
901,a203,15,52.8,1,Infubinol,Female,20,23
902,a203,20,55.2,1,Infubinol,Female,20,23
903,a203,25,56.8,1,Infubinol,Female,20,23
904,a203,30,59.5,1,Infubinol,Female,20,23
905,a203,35,61.9,2,Infubinol,Female,20,23
906,a203,40,63.6,2,Infubinol,Female,20,23
907,a203,45,68.0,2,Infubinol,Female,20,23
908,f394,0,45.0,0,Zoniferol,Male,19,30
909,f394,5,47.0,0,Zoniferol,Male,19,30
910,c264,0,45.0,0,Zoniferol,Female,11,27
911,c264,5,45.8,0,Zoniferol,Female,11,27
912,c264,10,49.0,0,Zoniferol,Female,11,27
913,c264,15,53.7,1,Zoniferol,Female,11,27
914,c264,20,54.6,1,Zoniferol,Female,11,27
915,c264,25,57.0,2,Zoniferol,Female,11,27
916,c264,30,57.8,2,Zoniferol,Female,11,27
917,c264,35,61.1,2,Zoniferol,Female,11,27
918,c264,40,65.7,2,Zoniferol,Female,11,27
919,c264,45,67.9,2,Zoniferol,Female,11,27
920,n967,0,45.0,0,Zoniferol,Male,11,27
921,n967,5,46.1,1,Zoniferol,Male,11,27
922,n967,10,47.5,1,Zoniferol,Male,11,27
923,n967,15,49.8,1,Zoniferol,Male,11,27
924,f545,0,45.0,0,Zoniferol,Female,20,26
925,f545,5,46.6,0,Zoniferol,Female,20,26
926,f545,10,51.1,0,Zoniferol,Female,20,26
927,f545,15,53.9,1,Zoniferol,Female,20,26
928,f545,20,58.8,1,Zoniferol,Female,20,26
929,f545,25,60.3,1,Zoniferol,Female,20,26
930,f545,30,65.9,1,Zoniferol,Female,20,26
931,f545,35,66.7,1,Zoniferol,Female,20,26
932,f545,40,71.1,1,Zoniferol,Female,20,26
933,f545,45,73.3,1,Zoniferol,Female,20,26
934,k894,0,45.0,0,Zoniferol,Female,13,29
935,k894,5,47.6,0,Zoniferol,Female,13,29
936,k894,10,49.3,1,Zoniferol,Female,13,29
937,k894,15,50.0,1,Zoniferol,Female,13,29
938,k894,20,51.0,1,Zoniferol,Female,13,29
939,k894,25,52.3,2,Zoniferol,Female,13,29
940,k894,30,54.4,3,Zoniferol,Female,13,29
941,k894,35,55.4,4,Zoniferol,Female,13,29
942,k894,40,58.6,4,Zoniferol,Female,13,29
943,k894,45,60.8,4,Zoniferol,Female,13,29
944,k754,0,45.0,0,Zoniferol,Female,8,26
945,k754,5,45.7,0,Zoniferol,Female,8,26
946,k754,10,49.7,0,Zoniferol,Female,8,26
947,k754,15,51.3,0,Zoniferol,Female,8,26
948,k754,20,52.7,1,Zoniferol,Female,8,26
949,g296,0,45.0,0,Zoniferol,Female,14,29
950,g296,5,46.6,0,Zoniferol,Female,14,29
951,g296,10,48.3,0,Zoniferol,Female,14,29
952,g296,15,49.7,1,Zoniferol,Female,14,29
953,g296,20,51.4,2,Zoniferol,Female,14,29
954,g296,25,55.7,3,Zoniferol,Female,14,29
955,g296,30,58.0,3,Zoniferol,Female,14,29
956,g296,35,60.4,4,Zoniferol,Female,14,29
957,g296,40,62.2,4,Zoniferol,Female,14,29
958,g296,45,68.2,4,Zoniferol,Female,14,29
959,d164,0,45.0,0,Zoniferol,Male,21,28
960,d164,5,46.6,0,Zoniferol,Male,21,28
961,d164,10,47.5,1,Zoniferol,Male,21,28
962,w575,0,45.0,0,Zoniferol,Female,16,28
963,w575,5,48.9,1,Zoniferol,Female,16,28
964,w575,10,50.1,1,Zoniferol,Female,16,28
965,w575,15,50.9,1,Zoniferol,Female,16,28
966,w575,20,55.6,1,Zoniferol,Female,16,28
967,w575,25,58.6,1,Zoniferol,Female,16,28
968,w575,30,60.2,1,Zoniferol,Female,16,28
969,w575,35,63.7,2,Zoniferol,Female,16,28
970,w575,40,64.9,3,Zoniferol,Female,16,28
971,w575,45,68.4,3,Zoniferol,Female,16,28
972,x613,0,45.0,0,Zoniferol,Female,2,29
973,x613,5,46.1,0,Zoniferol,Female,2,29
974,x613,10,46.8,0,Zoniferol,Female,2,29
975,x613,15,48.1,0,Zoniferol,Female,2,29
976,q633,0,45.0,0,Zoniferol,Male,12,25
977,q633,5,47.2,0,Zoniferol,Male,12,25
978,q633,10,49.0,0,Zoniferol,Male,12,25
979,q633,15,50.6,1,Zoniferol,Male,12,25
980,q633,20,53.3,1,Zoniferol,Male,12,25
981,q633,25,55.7,1,Zoniferol,Male,12,25
982,q633,30,58.1,1,Zoniferol,Male,12,25
983,q633,35,63.1,1,Zoniferol,Male,12,25
984,q633,40,68.5,2,Zoniferol,Male,12,25
985,q633,45,70.8,2,Zoniferol,Male,12,25
986,b313,0,45.0,0,Zoniferol,Male,12,27
987,b313,5,47.2,0,Zoniferol,Male,12,27
988,b313,10,48.3,1,Zoniferol,Male,12,27
989,b313,15,49.2,1,Zoniferol,Male,12,27
990,b313,20,54.0,1,Zoniferol,Male,12,27
991,b313,25,55.7,1,Zoniferol,Male,12,27
992,f129,0,45.0,0,Zoniferol,Female,11,29
993,f129,5,47.0,0,Zoniferol,Female,11,29
994,f129,10,48.2,1,Zoniferol,Female,11,29
995,f129,15,50.0,1,Zoniferol,Female,11,29
996,j365,0,45.0,0,Zoniferol,Male,24,28
997,j365,5,46.7,0,Zoniferol,Male,24,28
998,j365,10,48.3,0,Zoniferol,Male,24,28
999,j365,15,49.6,0,Zoniferol,Male,24,28
1000,j365,20,50.9,1,Zoniferol,Male,24,28
1001,j365,25,51.8,1,Zoniferol,Male,24,28
1002,j365,30,54.4,1,Zoniferol,Male,24,28
1003,j365,35,57.0,2,Zoniferol,Male,24,28
1004,j365,40,62.3,2,Zoniferol,Male,24,28
1005,j365,45,64.3,2,Zoniferol,Male,24,28
1006,p136,0,45.0,0,Zoniferol,Female,5,28
1007,p136,5,49.3,0,Zoniferol,Female,5,28
1008,p136,10,50.9,0,Zoniferol,Female,5,28
1009,p136,15,52.0,1,Zoniferol,Female,5,28
1010,p136,20,54.9,1,Zoniferol,Female,5,28
1011,p136,25,56.3,1,Zoniferol,Female,5,28
1012,p136,30,57.1,1,Zoniferol,Female,5,28
1013,p136,35,57.6,1,Zoniferol,Female,5,28
1014,p136,40,61.4,1,Zoniferol,Female,5,28
1015,p136,45,63.5,2,Zoniferol,Female,5,28
1016,c559,0,45.0,0,Zoniferol,Female,19,28
1017,c559,5,46.6,0,Zoniferol,Female,19,28
1018,c559,10,47.3,0,Zoniferol,Female,19,28
1019,c559,15,51.4,1,Zoniferol,Female,19,28
1020,c559,20,52.6,2,Zoniferol,Female,19,28
1021,c559,25,54.6,2,Zoniferol,Female,19,28
1022,c559,30,57.1,2,Zoniferol,Female,19,28
1023,c559,35,59.5,2,Zoniferol,Female,19,28
1024,c559,40,60.9,3,Zoniferol,Female,19,28
1025,c559,45,61.8,4,Zoniferol,Female,19,28
1026,a788,0,45.0,0,Zoniferol,Male,5,30
1027,a788,5,47.0,0,Zoniferol,Male,5,30
1028,a788,10,50.2,1,Zoniferol,Male,5,30
1029,a788,15,52.5,1,Zoniferol,Male,5,30
1030,a788,20,54.1,1,Zoniferol,Male,5,30
1031,a788,25,56.8,1,Zoniferol,Male,5,30
1032,a788,30,60.4,1,Zoniferol,Male,5,30
1033,s337,0,45.0,0,Zoniferol,Male,14,27
1034,s337,5,46.8,0,Zoniferol,Male,14,27
1035,s337,10,47.9,0,Zoniferol,Male,14,27
1036,s337,15,48.6,0,Zoniferol,Male,14,27
1037,s337,20,49.2,1,Zoniferol,Male,14,27
1038,s337,25,51.0,2,Zoniferol,Male,14,27
1039,s337,30,52.7,3,Zoniferol,Male,14,27
1040,s337,35,54.8,3,Zoniferol,Male,14,27
1041,s337,40,57.0,4,Zoniferol,Male,14,27
1042,s337,45,62.1,4,Zoniferol,Male,14,27
1043,q511,0,45.0,0,Zoniferol,Female,2,28
1044,q511,5,45.8,0,Zoniferol,Female,2,28
1045,q511,10,50.3,0,Zoniferol,Female,2,28
1046,q511,15,52.1,0,Zoniferol,Female,2,28
1047,q511,20,52.7,0,Zoniferol,Female,2,28
1048,q511,25,57.3,0,Zoniferol,Female,2,28
1049,q511,30,59.4,1,Zoniferol,Female,2,28
1050,q511,35,60.8,1,Zoniferol,Female,2,28
1051,q511,40,63.2,2,Zoniferol,Female,2,28
1052,q511,45,68.6,3,Zoniferol,Female,2,28
1053,m331,0,45.0,0,Zoniferol,Female,19,26
1054,m331,5,45.5,1,Zoniferol,Female,19,26
1055,m331,10,47.6,1,Zoniferol,Female,19,26
1056,m331,15,52.1,1,Zoniferol,Female,19,26
1057,o926,0,45.0,0,Zoniferol,Male,15,29
1058,o926,5,46.8,0,Zoniferol,Male,15,29
1059,o926,10,47.6,1,Zoniferol,Male,15,29
1060,o926,15,48.3,1,Zoniferol,Male,15,29
1061,o926,20,51.8,2,Zoniferol,Male,15,29
1062,o926,25,54.8,3,Zoniferol,Male,15,29
1063,o926,30,56.9,3,Zoniferol,Male,15,29
1064,o926,35,58.6,3,Zoniferol,Male,15,29
1065,o926,40,59.9,3,Zoniferol,Male,15,29
1066,o926,45,62.3,4,Zoniferol,Male,15,29
1067,d133,0,45.0,0,Zoniferol,Male,5,30
1068,n630,0,45.0,0,Propriva,Female,15,29
1069,n630,5,46.1,0,Propriva,Female,15,29
1070,a401,0,45.0,0,Zoniferol,Female,8,25
1071,a401,5,46.1,0,Zoniferol,Female,8,25
1072,a401,10,47.7,1,Zoniferol,Female,8,25
1073,a401,15,49.9,1,Zoniferol,Female,8,25
1074,a401,20,52.2,2,Zoniferol,Female,8,25
1075,a401,25,54.2,3,Zoniferol,Female,8,25
1076,a401,30,55.9,3,Zoniferol,Female,8,25
1077,a401,35,60.3,3,Zoniferol,Female,8,25
1078,a401,40,61.8,4,Zoniferol,Female,8,25
1079,a401,45,66.8,4,Zoniferol,Female,8,25
1080,w350,0,45.0,0,Propriva,Male,7,26
1081,w350,5,48.2,0,Propriva,Male,7,26
1082,w350,10,48.9,0,Propriva,Male,7,26
1083,w350,15,50.9,1,Propriva,Male,7,26
1084,w350,20,52.1,1,Propriva,Male,7,26
1085,w350,25,52.8,1,Propriva,Male,7,26
1086,w350,30,55.9,1,Propriva,Male,7,26
1087,w350,35,56.7,1,Propriva,Male,7,26
1088,w350,40,62.3,2,Propriva,Male,7,26
1089,w350,45,65.0,2,Propriva,Male,7,26
1090,c302,0,45.0,0,Zoniferol,Female,10,29
1091,c302,5,47.7,1,Zoniferol,Female,10,29
1092,c302,10,48.5,1,Zoniferol,Female,10,29
1093,c302,15,52.7,2,Zoniferol,Female,10,29
1094,c302,20,54.1,3,Zoniferol,Female,10,29
1095,c302,25,55.1,3,Zoniferol,Female,10,29
1096,c302,30,57.4,3,Zoniferol,Female,10,29
1097,c302,35,62.2,3,Zoniferol,Female,10,29
1098,c302,40,63.3,4,Zoniferol,Female,10,29
1099,c302,45,64.6,4,Zoniferol,Female,10,29
1100,a897,0,45.0,0,Placebo,Male,7,28
1101,a897,5,45.7,1,Placebo,Male,7,28
1102,a897,10,48.0,1,Placebo,Male,7,28
1103,a897,15,52.3,2,Placebo,Male,7,28
1104,a897,20,54.6,3,Placebo,Male,7,28
1105,a897,25,56.4,3,Placebo,Male,7,28
1106,a897,30,59.9,3,Placebo,Male,7,28
1107,a897,35,64.1,3,Placebo,Male,7,28
1108,a897,40,67.2,4,Placebo,Male,7,28
1109,a897,45,72.3,4,Placebo,Male,7,28
1110,j235,0,45.0,0,Placebo,Male,6,30
1111,j235,5,46.6,0,Placebo,Male,6,30
1112,j235,10,48.0,1,Placebo,Male,6,30
1113,j235,15,51.2,1,Placebo,Male,6,30
1114,j235,20,52.9,1,Placebo,Male,6,30
1115,q787,0,45.0,0,Placebo,Male,17,27
1116,q787,5,47.1,0,Placebo,Male,17,27
1117,q787,10,48.6,1,Placebo,Male,17,27
1118,q787,15,49.2,2,Placebo,Male,17,27
1119,q787,20,50.2,2,Placebo,Male,17,27
1120,q787,25,52.7,2,Placebo,Male,17,27
1121,q787,30,55.0,2,Placebo,Male,17,27
1122,q787,35,60.3,3,Placebo,Male,17,27
1123,q787,40,62.0,3,Placebo,Male,17,27
1124,q787,45,66.1,3,Placebo,Male,17,27
1125,a262,0,45.0,0,Placebo,Female,17,29
1126,a262,5,48.7,1,Placebo,Female,17,29
1127,a262,10,49.6,1,Placebo,Female,17,29
1128,a262,15,53.8,2,Placebo,Female,17,29
1129,a262,20,57.0,2,Placebo,Female,17,29
1130,a262,25,60.1,2,Placebo,Female,17,29
1131,a262,30,65.0,3,Placebo,Female,17,29
1132,a262,35,66.6,4,Placebo,Female,17,29
1133,a262,40,69.6,4,Placebo,Female,17,29
1134,a262,45,70.7,4,Placebo,Female,17,29
1135,r850,0,45.0,0,Placebo,Male,5,30
1136,r850,5,46.9,0,Placebo,Male,5,30
1137,r850,10,48.5,1,Placebo,Male,5,30
1138,r850,15,50.2,1,Placebo,Male,5,30
1139,i669,0,45.0,0,Placebo,Female,18,27
1140,i669,5,46.8,1,Placebo,Female,18,27
1141,i669,10,48.3,1,Placebo,Female,18,27
1142,i669,15,48.9,1,Placebo,Female,18,27
1143,i669,20,50.9,1,Placebo,Female,18,27
1144,i669,25,53.3,2,Placebo,Female,18,27
1145,n763,0,45.0,0,Placebo,Female,16,25
1146,n763,5,46.1,0,Placebo,Female,16,25
1147,n763,10,46.8,1,Placebo,Female,16,25
1148,n763,15,47.8,1,Placebo,Female,16,25
1149,n763,20,49.3,1,Placebo,Female,16,25
1150,n763,25,53.4,2,Placebo,Female,16,25
1151,n763,30,55.4,3,Placebo,Female,16,25
1152,n763,35,57.4,3,Placebo,Female,16,25
1153,n763,40,58.0,4,Placebo,Female,16,25
1154,s152,0,45.0,0,Placebo,Female,4,30
1155,s152,5,47.5,1,Placebo,Female,4,30
1156,s152,10,52.2,2,Placebo,Female,4,30
1157,s152,15,57.2,2,Placebo,Female,4,30
1158,s152,20,62.4,2,Placebo,Female,4,30
1159,s152,25,64.1,2,Placebo,Female,4,30
1160,c766,0,45.0,0,Placebo,Female,13,26
1161,c766,5,47.3,0,Placebo,Female,13,26
1162,c766,10,49.5,1,Placebo,Female,13,26
1163,c766,15,50.6,2,Placebo,Female,13,26
1164,c766,20,53.0,3,Placebo,Female,13,26
1165,c766,25,58.2,3,Placebo,Female,13,26
1166,c766,30,60.3,3,Placebo,Female,13,26
1167,c766,35,66.0,4,Placebo,Female,13,26
1168,c766,40,67.7,4,Placebo,Female,13,26
1169,c766,45,69.8,4,Placebo,Female,13,26
1170,e227,0,45.0,0,Placebo,Male,1,30
1171,e227,5,47.2,0,Placebo,Male,1,30
1172,e227,10,51.3,1,Placebo,Male,1,30
1173,e227,15,52.8,1,Placebo,Male,1,30
1174,e227,20,56.6,1,Placebo,Male,1,30
1175,e227,25,60.6,1,Placebo,Male,1,30
1176,e227,30,62.5,2,Placebo,Male,1,30
1177,e227,35,66.9,3,Placebo,Male,1,30
1178,e227,40,70.7,3,Placebo,Male,1,30
1179,e227,45,73.2,3,Placebo,Male,1,30
1180,c282,0,45.0,0,Placebo,Male,12,27
1181,c282,5,45.7,0,Placebo,Male,12,27
1182,c282,10,48.2,0,Placebo,Male,12,27
1183,c282,15,49.3,0,Placebo,Male,12,27
1184,c282,20,52.0,0,Placebo,Male,12,27
1185,c282,25,56.3,1,Placebo,Male,12,27
1186,c282,30,59.0,1,Placebo,Male,12,27
1187,c282,35,59.9,1,Placebo,Male,12,27
1188,c282,40,65.0,2,Placebo,Male,12,27
1189,c282,45,65.8,2,Placebo,Male,12,27
1190,v989,0,45.0,0,Placebo,Male,4,25
1191,v989,5,48.9,0,Placebo,Male,4,25
1192,v989,10,52.6,1,Placebo,Male,4,25
1193,w140,0,45.0,0,Zoniferol,Female,19,30
1194,w140,5,47.7,0,Zoniferol,Female,19,30
1195,v409,0,45.0,0,Placebo,Female,16,25
1196,v409,5,46.2,0,Placebo,Female,16,25
1197,v409,10,50.6,1,Placebo,Female,16,25
1198,l872,0,45.0,0,Placebo,Male,19,30
1199,o795,0,45.0,0,Placebo,Female,20,26
1200,o795,5,46.8,1,Placebo,Female,20,26
1201,o795,10,51.1,1,Placebo,Female,20,26
1202,o795,15,55.9,2,Placebo,Female,20,26
1203,o795,20,60.6,3,Placebo,Female,20,26
1204,o795,25,65.7,4,Placebo,Female,20,26
1205,o795,30,68.2,4,Placebo,Female,20,26
1206,o795,35,69.1,4,Placebo,Female,20,26
1207,o795,40,70.3,4,Placebo,Female,20,26
1208,o795,45,73.1,4,Placebo,Female,20,26
1209,y478,0,45.0,0,Placebo,Female,3,25
1210,y478,5,48.6,1,Placebo,Female,3,25
1211,y478,10,52.3,1,Placebo,Female,3,25
1212,y478,15,53.6,1,Placebo,Female,3,25
1213,y478,20,56.8,1,Placebo,Female,3,25
1214,y478,25,57.8,1,Placebo,Female,3,25
1215,y478,30,59.4,1,Placebo,Female,3,25
1216,y478,35,61.9,1,Placebo,Female,3,25
1217,y478,40,66.0,1,Placebo,Female,3,25
1218,y478,45,66.8,1,Placebo,Female,3,25
1219,q582,0,45.0,0,Placebo,Male,5,30
1220,q582,5,46.0,1,Placebo,Male,5,30
1221,q582,10,47.0,1,Placebo,Male,5,30
1222,q582,15,48.3,2,Placebo,Male,5,30
1223,q582,20,51.2,2,Placebo,Male,5,30
1224,q582,25,52.0,2,Placebo,Male,5,30
1225,q582,30,52.6,2,Placebo,Male,5,30
1226,q582,35,53.7,2,Placebo,Male,5,30
1227,s166,0,45.0,0,Placebo,Male,19,27
1228,s166,5,47.2,0,Placebo,Male,19,27
1229,s166,10,49.0,0,Placebo,Male,19,27
1230,x773,0,45.0,0,Placebo,Female,21,30
1231,x773,5,45.9,1,Placebo,Female,21,30
1232,x773,10,47.2,2,Placebo,Female,21,30
1233,x773,15,47.7,3,Placebo,Female,21,30
1234,x773,20,49.7,3,Placebo,Female,21,30
1235,x773,25,51.1,3,Placebo,Female,21,30
1236,x773,30,52.8,4,Placebo,Female,21,30
1237,x773,35,55.2,4,Placebo,Female,21,30
1238,x773,40,56.0,4,Placebo,Female,21,30
1239,x773,45,58.6,4,Placebo,Female,21,30
1240,w167,0,45.0,0,Placebo,Female,6,28
1241,w167,5,48.8,0,Placebo,Female,6,28
1242,w167,10,51.8,0,Placebo,Female,6,28
1243,w167,15,53.9,0,Placebo,Female,6,28
1244,w167,20,57.5,0,Placebo,Female,6,28
1245,w167,25,61.9,0,Placebo,Female,6,28
1246,w167,30,67.2,0,Placebo,Female,6,28
1247,w167,35,68.1,0,Placebo,Female,6,28
1248,t718,0,45.0,0,Placebo,Female,10,30
1249,t718,5,45.9,1,Placebo,Female,10,30
1250,t718,10,46.4,1,Placebo,Female,10,30
1251,t718,15,48.1,1,Placebo,Female,10,30
1252,t718,20,52.6,2,Placebo,Female,10,30
1253,t718,25,55.9,3,Placebo,Female,10,30
1254,t718,30,57.7,3,Placebo,Female,10,30
1255,t718,35,60.5,3,Placebo,Female,10,30
1256,t718,40,61.5,3,Placebo,Female,10,30
1257,t718,45,63.4,4,Placebo,Female,10,30
1258,o302,0,45.0,0,Placebo,Female,2,29
1259,o302,5,48.9,0,Placebo,Female,2,29
1260,o302,10,49.7,0,Placebo,Female,2,29
1261,o302,15,51.4,0,Placebo,Female,2,29
1262,o302,20,56.2,0,Placebo,Female,2,29
1263,o302,25,60.5,0,Placebo,Female,2,29
1264,o302,30,62.0,1,Placebo,Female,2,29
1265,i477,0,45.0,0,Placebo,Female,3,30
1266,i477,5,46.7,0,Placebo,Female,3,30
1267,i477,10,47.5,0,Placebo,Female,3,30
1268,c757,0,45.0,0,Placebo,Male,9,27
1269,c757,5,47.8,0,Placebo,Male,9,27
1270,c757,10,49.2,0,Placebo,Male,9,27
1271,c757,15,51.5,0,Placebo,Male,9,27
1272,c757,20,52.8,1,Placebo,Male,9,27
1273,c757,25,57.1,2,Placebo,Male,9,27
1274,c757,30,60.1,2,Placebo,Male,9,27
1275,c757,35,64.3,2,Placebo,Male,9,27
1276,c757,40,66.6,2,Placebo,Male,9,27
1277,c757,45,69.0,3,Placebo,Male,9,27
1278,t994,0,45.0,0,Placebo,Male,14,30
1279,t994,5,47.9,0,Placebo,Male,14,30
1280,t994,10,52.6,1,Placebo,Male,14,30
1281,t994,15,53.5,1,Placebo,Male,14,30
1282,t994,20,56.5,1,Placebo,Male,14,30
1283,p310,0,45.0,0,Propriva,Male,6,26
1284,p310,5,46.6,1,Propriva,Male,6,26
1285,p310,10,48.7,1,Propriva,Male,6,26
1286,p310,15,49.8,1,Propriva,Male,6,26
1287,p310,20,54.2,1,Propriva,Male,6,26
1288,p310,25,55.3,2,Propriva,Male,6,26
1289,a699,0,45.0,0,Propriva,Female,5,28
1290,a699,5,46.6,0,Propriva,Female,5,28
1291,a699,10,47.9,0,Propriva,Female,5,28
1292,a699,15,49.5,0,Propriva,Female,5,28
1293,a699,20,50.7,0,Propriva,Female,5,28
1294,a699,25,51.8,0,Propriva,Female,5,28
1295,a699,30,54.4,0,Propriva,Female,5,28
1296,a699,35,56.5,1,Propriva,Female,5,28
1297,a699,40,58.6,1,Propriva,Female,5,28
1298,a699,45,62.2,1,Propriva,Female,5,28
1299,k603,0,45.0,0,Propriva,Male,2,27
1300,k603,5,46.0,0,Propriva,Male,2,27
1301,k603,10,46.6,0,Propriva,Male,2,27
1302,k603,15,48.8,0,Propriva,Male,2,27
1303,k603,20,50.2,0,Propriva,Male,2,27
1304,x822,0,45.0,0,Ceftamin,Male,3,29
1305,x822,5,45.7,1,Ceftamin,Male,3,29
1306,x822,10,49.0,1,Ceftamin,Male,3,29
1307,x822,15,49.7,1,Ceftamin,Male,3,29
1308,x822,20,51.9,2,Ceftamin,Male,3,29
1309,x822,25,54.0,2,Ceftamin,Male,3,29
1310,x822,30,55.4,2,Ceftamin,Male,3,29
1311,x822,35,56.8,2,Ceftamin,Male,3,29
1312,x822,40,59.6,2,Ceftamin,Male,3,29
1313,x822,45,61.4,3,Ceftamin,Male,3,29
1314,l558,0,45.0,0,Ceftamin,Female,13,30
1315,l558,5,45.8,0,Ceftamin,Female,13,30
1316,l558,10,46.8,0,Ceftamin,Female,13,30
1317,l733,0,45.0,0,Ceftamin,Female,4,30
1318,l733,5,46.2,0,Ceftamin,Female,4,30
1319,l733,10,48.4,0,Ceftamin,Female,4,30
1320,l733,15,49.3,0,Ceftamin,Female,4,30
1321,l733,20,53.2,1,Ceftamin,Female,4,30
1322,l733,25,55.0,1,Ceftamin,Female,4,30
1323,l733,30,56.3,1,Ceftamin,Female,4,30
1324,l733,35,57.6,1,Ceftamin,Female,4,30
1325,l733,40,59.4,1,Ceftamin,Female,4,30
1326,l733,45,64.3,1,Ceftamin,Female,4,30
1327,f436,0,45.0,0,Ceftamin,Female,3,25
1328,f436,5,46.4,1,Ceftamin,Female,3,25
1329,f436,10,48.1,2,Ceftamin,Female,3,25
1330,f436,15,48.7,2,Ceftamin,Female,3,25
1331,l490,0,45.0,0,Ceftamin,Male,24,26
1332,l490,5,45.6,1,Ceftamin,Male,24,26
1333,l490,10,47.3,1,Ceftamin,Male,24,26
1334,l490,15,50.5,1,Ceftamin,Male,24,26
1335,l490,20,51.9,1,Ceftamin,Male,24,26
1336,l490,25,55.8,2,Ceftamin,Male,24,26
1337,l490,30,57.9,3,Ceftamin,Male,24,26
1338,b759,0,45.0,0,Ceftamin,Female,12,25
1339,b759,5,48.0,0,Ceftamin,Female,12,25
1340,b759,10,49.1,0,Ceftamin,Female,12,25
1341,b759,15,51.6,0,Ceftamin,Female,12,25
1342,b759,20,54.4,0,Ceftamin,Female,12,25
1343,b759,25,55.1,0,Ceftamin,Female,12,25
1344,b759,30,55.7,1,Ceftamin,Female,12,25
1345,l471,0,45.0,0,Ceftamin,Female,7,28
1346,l471,5,46.3,0,Ceftamin,Female,7,28
1347,l471,10,48.2,0,Ceftamin,Female,7,28
1348,l471,15,49.4,0,Ceftamin,Female,7,28
1349,l471,20,52.2,0,Ceftamin,Female,7,28
1350,l471,25,52.8,1,Ceftamin,Female,7,28
1351,l471,30,58.1,1,Ceftamin,Female,7,28
1352,l471,35,61.4,1,Ceftamin,Female,7,28
1353,l471,40,63.8,1,Ceftamin,Female,7,28
1354,l471,45,67.7,1,Ceftamin,Female,7,28
1355,y865,0,45.0,0,Ceftamin,Male,23,26
1356,y865,5,46.7,1,Ceftamin,Male,23,26
1357,y865,10,49.5,1,Ceftamin,Male,23,26
1358,y865,15,50.8,1,Ceftamin,Male,23,26
1359,y865,20,52.4,1,Ceftamin,Male,23,26
1360,y865,25,57.2,2,Ceftamin,Male,23,26
1361,y865,30,59.0,3,Ceftamin,Male,23,26
1362,y865,35,61.2,3,Ceftamin,Male,23,26
1363,y865,40,63.5,3,Ceftamin,Male,23,26
1364,y865,45,64.7,3,Ceftamin,Male,23,26
1365,y769,0,45.0,0,Ceftamin,Female,6,27
1366,y769,5,46.4,1,Ceftamin,Female,6,27
1367,y769,10,48.0,1,Ceftamin,Female,6,27
1368,y769,15,52.8,2,Ceftamin,Female,6,27
1369,y769,20,55.0,2,Ceftamin,Female,6,27
1370,y769,25,58.3,3,Ceftamin,Female,6,27
1371,y769,30,61.1,3,Ceftamin,Female,6,27
1372,y769,35,63.4,3,Ceftamin,Female,6,27
1373,y769,40,64.3,4,Ceftamin,Female,6,27
1374,y769,45,68.6,4,Ceftamin,Female,6,27
1375,l661,0,45.0,0,Ceftamin,Male,18,26
1376,l661,5,46.3,0,Ceftamin,Male,18,26
1377,l661,10,49.7,0,Ceftamin,Male,18,26
1378,l661,15,50.9,1,Ceftamin,Male,18,26
1379,l661,20,52.6,1,Ceftamin,Male,18,26
1380,l661,25,53.2,2,Ceftamin,Male,18,26
1381,l661,30,55.3,2,Ceftamin,Male,18,26
1382,l661,35,56.5,2,Ceftamin,Male,18,26
1383,l661,40,59.2,3,Ceftamin,Male,18,26
1384,l661,45,59.9,3,Ceftamin,Male,18,26
1385,j296,0,45.0,0,Ceftamin,Female,24,30
1386,j296,5,46.8,1,Ceftamin,Female,24,30
1387,j296,10,48.5,2,Ceftamin,Female,24,30
1388,j296,15,50.7,2,Ceftamin,Female,24,30
1389,j296,20,54.0,3,Ceftamin,Female,24,30
1390,j296,25,55.8,3,Ceftamin,Female,24,30
1391,j296,30,56.8,3,Ceftamin,Female,24,30
1392,j296,35,58.7,3,Ceftamin,Female,24,30
1393,j296,40,60.1,3,Ceftamin,Female,24,30
1394,j296,45,61.8,3,Ceftamin,Female,24,30
1395,u149,0,45.0,0,Ceftamin,Male,24,29
1396,u149,5,45.8,0,Ceftamin,Male,24,29
1397,u149,10,47.4,0,Ceftamin,Male,24,29
1398,u149,15,48.5,0,Ceftamin,Male,24,29
1399,u149,20,50.4,0,Ceftamin,Male,24,29
1400,u149,25,52.9,0,Ceftamin,Male,24,29
1401,u153,0,45.0,0,Ceftamin,Female,11,25
1402,w151,0,45.0,0,Ceftamin,Male,24,25
1403,w151,5,45.5,1,Ceftamin,Male,24,25
1404,w151,10,46.5,1,Ceftamin,Male,24,25
1405,w151,15,47.2,1,Ceftamin,Male,24,25
1406,w151,20,49.6,2,Ceftamin,Male,24,25
1407,w151,25,51.9,2,Ceftamin,Male,24,25
1408,w151,30,56.8,2,Ceftamin,Male,24,25
1409,w151,35,58.3,2,Ceftamin,Male,24,25
1410,w151,40,62.2,2,Ceftamin,Male,24,25
1411,w151,45,67.5,3,Ceftamin,Male,24,25
1412,h531,0,45.0,0,Ceftamin,Male,5,27
1413,h531,5,47.8,0,Ceftamin,Male,5,27
1414,a685,0,45.0,0,Infubinol,Male,8,30
1415,a685,5,46.9,0,Infubinol,Male,8,30
1416,a685,10,47.7,0,Infubinol,Male,8,30
1417,a685,15,49.0,0,Infubinol,Male,8,30
1418,a685,20,49.5,0,Infubinol,Male,8,30
1419,a685,25,51.9,0,Infubinol,Male,8,30
1420,a685,30,55.5,1,Infubinol,Male,8,30
1421,a685,35,58.1,1,Infubinol,Male,8,30
1422,a685,40,60.6,2,Infubinol,Male,8,30
1423,a685,45,66.1,3,Infubinol,Male,8,30
1424,o813,0,45.0,0,Infubinol,Male,24,28
1425,o813,5,45.7,0,Infubinol,Male,24,28
1426,m756,0,45.0,0,Infubinol,Male,19,30
1427,m756,5,47.0,1,Infubinol,Male,19,30
1428,n671,0,45.0,0,Infubinol,Male,18,25
1429,n671,5,47.4,0,Infubinol,Male,18,25
1430,n671,10,51.0,0,Infubinol,Male,18,25
1431,n671,15,54.2,0,Infubinol,Male,18,25
1432,n671,20,54.8,0,Infubinol,Male,18,25
1433,n671,25,56.2,0,Infubinol,Male,18,25
1434,n671,30,60.2,0,Infubinol,Male,18,25
1435,s121,0,45.0,0,Infubinol,Male,23,26
1436,s121,5,45.6,1,Infubinol,Male,23,26
1437,s121,10,49.0,1,Infubinol,Male,23,26
1438,s121,15,50.8,2,Infubinol,Male,23,26
1439,s121,20,52.0,2,Infubinol,Male,23,26
1440,s121,25,55.7,2,Infubinol,Male,23,26
1441,v766,0,45.0,0,Infubinol,Male,16,27
1442,v766,5,48.2,1,Infubinol,Male,16,27
1443,v766,10,50.4,1,Infubinol,Male,16,27
1444,v766,15,51.5,1,Infubinol,Male,16,27
1445,w193,0,45.0,0,Infubinol,Male,22,30
1446,w193,5,45.5,0,Infubinol,Male,22,30
1447,w193,10,48.3,0,Infubinol,Male,22,30
1448,w193,15,49.4,0,Infubinol,Male,22,30
1449,w193,20,50.0,0,Infubinol,Male,22,30
1450,e476,0,45.0,0,Infubinol,Male,23,26
1451,e476,5,47.1,0,Infubinol,Male,23,26
1452,e476,10,49.4,0,Infubinol,Male,23,26
1453,e476,15,54.0,0,Infubinol,Male,23,26
1454,e476,20,55.2,0,Infubinol,Male,23,26
1455,e476,25,57.4,0,Infubinol,Male,23,26
1456,e476,30,58.0,1,Infubinol,Male,23,26
1457,e476,35,60.1,1,Infubinol,Male,23,26
1458,e476,40,61.5,1,Infubinol,Male,23,26
1459,e476,45,62.4,1,Infubinol,Male,23,26
1460,w584,0,45.0,0,Infubinol,Male,3,29
1461,w584,5,46.1,0,Infubinol,Male,3,29
1462,w584,10,47.3,0,Infubinol,Male,3,29
1463,w584,15,51.3,0,Infubinol,Male,3,29
1464,w584,20,53.3,1,Infubinol,Male,3,29
1465,w584,25,55.7,1,Infubinol,Male,3,29
1466,w584,30,58.3,1,Infubinol,Male,3,29
1467,b447,0,45.0,0,Ceftamin,Male,2,30
1468,k210,0,45.0,0,Ceftamin,Male,15,28
1469,k210,5,47.9,0,Ceftamin,Male,15,28
1470,k210,10,49.4,0,Ceftamin,Male,15,28
1471,k210,15,51.1,0,Ceftamin,Male,15,28
1472,k210,20,52.0,0,Ceftamin,Male,15,28
1473,k210,25,54.6,0,Ceftamin,Male,15,28
1474,k210,30,60.0,1,Ceftamin,Male,15,28
1475,k210,35,63.3,1,Ceftamin,Male,15,28
1476,k210,40,66.6,2,Ceftamin,Male,15,28
1477,k210,45,68.9,3,Ceftamin,Male,15,28
1478,a275,0,45.0,0,Ceftamin,Female,20,28
1479,a275,5,46.8,0,Ceftamin,Female,20,28
1480,a275,10,47.4,0,Ceftamin,Female,20,28
1481,a275,15,49.7,0,Ceftamin,Female,20,28
1482,a275,20,50.5,1,Ceftamin,Female,20,28
1483,a275,25,53.6,1,Ceftamin,Female,20,28
1484,a275,30,54.4,2,Ceftamin,Female,20,28
1485,a275,35,56.4,2,Ceftamin,Female,20,28
1486,a275,40,60.9,3,Ceftamin,Female,20,28
1487,a275,45,63.0,3,Ceftamin,Female,20,28
1488,x581,0,45.0,0,Ceftamin,Female,19,28
1489,x581,5,47.2,0,Ceftamin,Female,19,28
1490,x581,10,49.1,1,Ceftamin,Female,19,28
1491,x581,15,49.7,2,Ceftamin,Female,19,28
1492,x581,20,51.2,3,Ceftamin,Female,19,28
1493,x581,25,51.9,3,Ceftamin,Female,19,28
1494,x581,30,55.5,3,Ceftamin,Female,19,28
1495,x581,35,58.1,3,Ceftamin,Female,19,28
1496,x581,40,60.3,3,Ceftamin,Female,19,28
1497,x581,45,64.6,3,Ceftamin,Female,19,28
1498,n482,0,45.0,0,Propriva,Female,4,29
1499,t198,0,45.0,0,Propriva,Male,22,26
1500,t198,5,47.5,0,Propriva,Male,22,26
1501,t198,10,49.0,1,Propriva,Male,22,26
1502,t198,15,49.8,2,Propriva,Male,22,26
1503,t198,20,51.5,3,Propriva,Male,22,26
1504,t198,25,56.2,3,Propriva,Male,22,26
1505,t198,30,56.9,3,Propriva,Male,22,26
1506,t198,35,57.7,3,Propriva,Male,22,26
1507,t198,40,59.1,4,Propriva,Male,22,26
1508,t198,45,64.9,4,Propriva,Male,22,26
1509,l215,0,45.0,0,Propriva,Male,10,29
1510,l215,5,49.5,1,Propriva,Male,10,29
1511,l215,10,53.7,1,Propriva,Male,10,29
1512,s141,0,45.0,0,Propriva,Male,8,25
1513,s141,5,45.8,0,Propriva,Male,8,25
1514,s141,10,47.2,0,Propriva,Male,8,25
1515,s141,15,49.2,1,Propriva,Male,8,25
1516,s141,20,51.6,1,Propriva,Male,8,25
1517,s141,25,53.8,1,Propriva,Male,8,25
1518,s141,30,55.8,1,Propriva,Male,8,25
1519,o523,0,45.0,0,Propriva,Female,6,25
1520,o523,5,45.5,0,Propriva,Female,6,25
1521,o523,10,47.1,1,Propriva,Female,6,25
1522,i635,0,45.0,0,Propriva,Male,21,26
1523,i635,5,47.2,0,Propriva,Male,21,26
1524,i635,10,48.7,1,Propriva,Male,21,26
1525,i635,15,49.5,1,Propriva,Male,21,26
1526,i635,20,51.9,1,Propriva,Male,21,26
1527,i635,25,52.9,1,Propriva,Male,21,26
1528,i635,30,53.6,2,Propriva,Male,21,26
1529,i635,35,55.7,2,Propriva,Male,21,26
1530,i635,40,56.8,3,Propriva,Male,21,26
1531,i635,45,58.6,3,Propriva,Male,21,26
1532,w746,0,45.0,0,Propriva,Male,1,26
1533,w746,5,49.5,0,Propriva,Male,1,26
1534,r107,0,45.0,0,Propriva,Female,2,28
1535,r107,5,48.5,0,Propriva,Female,2,28
1536,r107,10,49.2,0,Propriva,Female,2,28
1537,r107,15,53.1,0,Propriva,Female,2,28
1538,r107,20,55.3,0,Propriva,Female,2,28
1539,r107,25,57.7,1,Propriva,Female,2,28
1540,r107,30,58.4,1,Propriva,Female,2,28
1541,s187,0,45.0,0,Propriva,Male,22,25
1542,s187,5,47.6,1,Propriva,Male,22,25
1543,s187,10,48.1,1,Propriva,Male,22,25
1544,s187,15,52.1,1,Propriva,Male,22,25
1545,s187,20,53.7,1,Propriva,Male,22,25
1546,s187,25,56.5,1,Propriva,Male,22,25
1547,s187,30,60.0,2,Propriva,Male,22,25
1548,g570,0,45.0,0,Propriva,Male,16,29
1549,g570,5,47.7,1,Propriva,Male,16,29
1550,g570,10,49.2,1,Propriva,Male,16,29
1551,g570,15,52.7,1,Propriva,Male,16,29
1552,g570,20,54.6,1,Propriva,Male,16,29
1553,g570,25,56.8,1,Propriva,Male,16,29
1554,g570,30,60.3,1,Propriva,Male,16,29
1555,g570,35,62.3,2,Propriva,Male,16,29
1556,g570,40,68.5,2,Propriva,Male,16,29
1557,g570,45,70.5,2,Propriva,Male,16,29
1558,x209,0,45.0,0,Propriva,Female,7,29
1559,x209,5,46.8,0,Propriva,Female,7,29
1560,x209,10,48.9,0,Propriva,Female,7,29
1561,x111,0,45.0,0,Propriva,Female,24,27
1562,x111,5,46.9,1,Propriva,Female,24,27
1563,x111,10,49.1,1,Propriva,Female,24,27
1564,z435,0,45.0,0,Propriva,Female,12,26
1565,z435,5,47.1,0,Propriva,Female,12,26
1566,z435,10,48.7,0,Propriva,Female,12,26
1567,n678,0,45.0,0,Propriva,Male,5,29
1568,n678,5,47.6,0,Propriva,Male,5,29
1569,n678,10,49.1,1,Propriva,Male,5,29
1570,g558,0,45.0,0,Propriva,Male,8,29
1571,g558,5,46.2,0,Propriva,Male,8,29
1572,g558,10,50.1,0,Propriva,Male,8,29
1573,g558,15,51.0,0,Propriva,Male,8,29
1574,g558,20,55.1,1,Propriva,Male,8,29
1575,g558,25,55.8,2,Propriva,Male,8,29
1576,g558,30,59.0,3,Propriva,Male,8,29
1577,g558,35,60.9,4,Propriva,Male,8,29
1578,g558,40,61.8,4,Propriva,Male,8,29
1579,u946,0,45.0,0,Propriva,Male,5,30
1580,u946,5,46.0,1,Propriva,Male,5,30
1581,u946,10,46.7,1,Propriva,Male,5,30
1582,u946,15,47.7,1,Propriva,Male,5,30
1583,u946,20,49.1,1,Propriva,Male,5,30
1584,o562,0,45.0,0,Propriva,Female,4,25
1585,o562,5,46.5,1,Propriva,Female,4,25
1586,o562,10,47.1,1,Propriva,Female,4,25
1587,o562,15,51.5,1,Propriva,Female,4,25
1588,o562,20,53.6,1,Propriva,Female,4,25
1589,o562,25,54.7,1,Propriva,Female,4,25
1590,o562,30,59.7,1,Propriva,Female,4,25
1591,o562,35,65.4,1,Propriva,Female,4,25
1592,o562,40,71.2,1,Propriva,Female,4,25
1593,o562,45,72.5,2,Propriva,Female,4,25
1594,v991,0,45.0,0,Propriva,Female,10,30
1595,v991,5,49.2,1,Propriva,Female,10,30
1596,v991,10,52.6,1,Propriva,Female,10,30
1597,v991,15,54.6,1,Propriva,Female,10,30
1598,v991,20,57.7,2,Propriva,Female,10,30
1599,v991,25,60.0,2,Propriva,Female,10,30
1600,v991,30,62.7,3,Propriva,Female,10,30
1601,v991,35,63.9,4,Propriva,Female,10,30
1602,v991,40,64.9,4,Propriva,Female,10,30
1603,v991,45,70.2,4,Propriva,Female,10,30
1604,c927,0,45.0,0,Propriva,Female,4,26
1605,c927,5,46.4,0,Propriva,Female,4,26
1606,c927,10,51.0,1,Propriva,Female,4,26
1607,c927,15,53.3,1,Propriva,Female,4,26
1608,c927,20,55.5,1,Propriva,Female,4,26
1609,c927,25,56.5,2,Propriva,Female,4,26
1610,c927,30,60.8,2,Propriva,Female,4,26
1611,c927,35,61.9,3,Propriva,Female,4,26
1612,c927,40,64.2,4,Propriva,Female,4,26
1613,x226,0,45.0,0,Ceftamin,Male,23,28
1614,p438,0,45.0,0,Ceftamin,Female,11,26
1615,p438,5,46.8,0,Ceftamin,Female,11,26
1616,p438,10,50.5,0,Ceftamin,Female,11,26
1617,p438,15,52.2,0,Ceftamin,Female,11,26
1618,p438,20,52.9,0,Ceftamin,Female,11,26
1619,p438,25,54.5,0,Ceftamin,Female,11,26
1620,p438,30,56.4,0,Ceftamin,Female,11,26
1621,p438,35,57.5,1,Ceftamin,Female,11,26
1622,p438,40,59.3,1,Ceftamin,Female,11,26
1623,p438,45,61.4,1,Ceftamin,Female,11,26
1624,b487,0,45.0,0,Ceftamin,Female,6,28
1625,b487,5,46.2,0,Ceftamin,Female,6,28
1626,b487,10,47.7,0,Ceftamin,Female,6,28
1627,b487,15,51.7,0,Ceftamin,Female,6,28
1628,b487,20,53.4,0,Ceftamin,Female,6,28
1629,b487,25,56.1,1,Ceftamin,Female,6,28
1630,o287,0,45.0,0,Ceftamin,Male,2,28
1631,o287,5,45.6,0,Ceftamin,Male,2,28
1632,o287,10,47.4,1,Ceftamin,Male,2,28
1633,o287,15,48.7,1,Ceftamin,Male,2,28
1634,o287,20,50.9,2,Ceftamin,Male,2,28
1635,o287,25,52.1,3,Ceftamin,Male,2,28
1636,o287,30,54.5,3,Ceftamin,Male,2,28
1637,o287,35,55.1,4,Ceftamin,Male,2,28
1638,o287,40,57.2,4,Ceftamin,Male,2,28
1639,o287,45,59.7,4,Ceftamin,Male,2,28
1640,q483,0,45.0,0,Ceftamin,Male,6,26
1641,q483,5,46.8,1,Ceftamin,Male,6,26
1642,q483,10,47.8,1,Ceftamin,Male,6,26
1643,q483,15,48.5,1,Ceftamin,Male,6,26
1644,q483,20,50.2,1,Ceftamin,Male,6,26
1645,q483,25,52.4,1,Ceftamin,Male,6,26
1646,q483,30,55.0,1,Ceftamin,Male,6,26
1647,q483,35,59.3,1,Ceftamin,Male,6,26
1648,q483,40,64.2,1,Ceftamin,Male,6,26
1649,t573,0,45.0,0,Ceftamin,Female,15,27
1650,f345,0,45.0,0,Infubinol,Male,23,26
1651,f345,5,45.6,0,Infubinol,Male,23,26
1652,f345,10,47.2,0,Infubinol,Male,23,26
1653,f345,15,48.4,0,Infubinol,Male,23,26
1654,f345,20,49.6,0,Infubinol,Male,23,26
1655,f345,25,53.1,0,Infubinol,Male,23,26
1656,f345,30,54.4,1,Infubinol,Male,23,26
1657,f345,35,56.5,1,Infubinol,Male,23,26
1658,f345,40,58.3,1,Infubinol,Male,23,26
1659,f345,45,60.9,1,Infubinol,Male,23,26
1660,i334,0,45.0,0,Ramicane,Female,8,20
1661,i334,5,41.0,0,Ramicane,Female,8,20
1662,i334,10,41.6,0,Ramicane,Female,8,20
1663,i334,15,39.2,0,Ramicane,Female,8,20
1664,i334,20,39.7,0,Ramicane,Female,8,20
1665,i334,25,38.2,1,Ramicane,Female,8,20
1666,i334,30,39.0,1,Ramicane,Female,8,20
1667,i334,35,39.8,2,Ramicane,Female,8,20
1668,i334,40,40.4,2,Ramicane,Female,8,20
1669,i334,45,36.4,2,Ramicane,Female,8,20
1670,l264,0,45.0,0,Ketapril,Female,15,30
1671,l264,5,46.7,0,Ketapril,Female,15,30
1672,l264,10,50.7,0,Ketapril,Female,15,30
1673,j246,0,45.0,0,Capomulin,Female,21,21
1674,j246,5,45.6,0,Capomulin,Female,21,21
1675,j246,10,46.4,0,Capomulin,Female,21,21
1676,j246,15,43.3,0,Capomulin,Female,21,21
1677,j246,20,44.0,0,Capomulin,Female,21,21
1678,j246,25,44.6,0,Capomulin,Female,21,21
1679,j246,30,38.0,1,Capomulin,Female,21,21
1680,j246,35,38.8,1,Capomulin,Female,21,21
1681,r554,0,45.0,0,Capomulin,Female,8,17
1682,r554,5,45.8,1,Capomulin,Female,8,17
1683,r554,10,39.0,2,Capomulin,Female,8,17
1684,r554,15,35.5,2,Capomulin,Female,8,17
1685,r554,20,36.0,2,Capomulin,Female,8,17
1686,r554,25,33.9,3,Capomulin,Female,8,17
1687,r554,30,32.7,3,Capomulin,Female,8,17
1688,r554,35,33.1,3,Capomulin,Female,8,17
1689,r554,40,31.8,3,Capomulin,Female,8,17
1690,r554,45,32.4,3,Capomulin,Female,8,17
1691,s185,0,45.0,0,Capomulin,Female,3,17
1692,s185,5,43.9,0,Capomulin,Female,3,17
1693,s185,10,37.6,0,Capomulin,Female,3,17
1694,s185,15,38.2,0,Capomulin,Female,3,17
1695,s185,20,36.9,0,Capomulin,Female,3,17
1696,s185,25,33.9,0,Capomulin,Female,3,17
1697,s185,30,33.0,1,Capomulin,Female,3,17
1698,s185,35,28.3,1,Capomulin,Female,3,17
1699,s185,40,25.5,1,Capomulin,Female,3,17
1700,s185,45,23.3,1,Capomulin,Female,3,17
1701,b742,0,45.0,0,Capomulin,Male,7,21
1702,b742,5,41.5,0,Capomulin,Male,7,21
1703,b742,10,42.0,0,Capomulin,Male,7,21
1704,b742,15,39.5,0,Capomulin,Male,7,21
1705,b742,20,38.0,0,Capomulin,Male,7,21
1706,b742,25,38.6,0,Capomulin,Male,7,21
1707,b742,30,39.2,0,Capomulin,Male,7,21
1708,b742,35,39.8,0,Capomulin,Male,7,21
1709,b742,40,38.3,0,Capomulin,Male,7,21
1710,b742,45,38.9,0,Capomulin,Male,7,21
1711,x401,0,45.0,0,Capomulin,Female,16,15
1712,x401,5,45.5,0,Capomulin,Female,16,15
1713,x401,10,39.1,0,Capomulin,Female,16,15
1714,x401,15,39.8,0,Capomulin,Female,16,15
1715,x401,20,36.1,0,Capomulin,Female,16,15
1716,x401,25,36.6,0,Capomulin,Female,16,15
1717,x401,30,32.9,0,Capomulin,Female,16,15
1718,x401,35,30.2,0,Capomulin,Female,16,15
1719,x401,40,28.2,0,Capomulin,Female,16,15
1720,x401,45,28.5,0,Capomulin,Female,16,15
1721,l509,0,45.0,0,Capomulin,Male,17,21
1722,l509,5,45.9,0,Capomulin,Male,17,21
1723,l509,10,46.8,0,Capomulin,Male,17,21
1724,l509,15,47.5,1,Capomulin,Male,17,21
1725,l509,20,48.1,2,Capomulin,Male,17,21
1726,l509,25,44.0,2,Capomulin,Male,17,21
1727,l509,30,44.7,2,Capomulin,Male,17,21
1728,l509,35,40.2,2,Capomulin,Male,17,21
1729,l509,40,40.8,2,Capomulin,Male,17,21
1730,l509,45,41.5,3,Capomulin,Male,17,21
1731,s710,0,45.0,0,Capomulin,Female,1,23
1732,s710,5,43.2,0,Capomulin,Female,1,23
1733,s710,10,43.7,0,Capomulin,Female,1,23
1734,s710,15,41.8,0,Capomulin,Female,1,23
1735,s710,20,42.6,1,Capomulin,Female,1,23
1736,s710,25,43.1,1,Capomulin,Female,1,23
1737,s710,30,43.6,1,Capomulin,Female,1,23
1738,s710,35,44.2,1,Capomulin,Female,1,23
1739,s710,40,40.2,1,Capomulin,Female,1,23
1740,s710,45,40.7,1,Capomulin,Female,1,23
1741,r157,0,45.0,0,Capomulin,Male,22,25
1742,r157,5,45.6,0,Capomulin,Male,22,25
1743,r157,10,46.1,0,Capomulin,Male,22,25
1744,r157,15,46.5,0,Capomulin,Male,22,25
1745,u364,0,45.0,0,Capomulin,Male,18,17
1746,u364,5,45.8,1,Capomulin,Male,18,17
1747,u364,10,46.6,2,Capomulin,Male,18,17
1748,u364,15,47.2,2,Capomulin,Male,18,17
1749,u364,20,40.3,2,Capomulin,Male,18,17
1750,u364,25,35.5,2,Capomulin,Male,18,17
1751,u364,30,36.0,2,Capomulin,Male,18,17
1752,u364,35,35.5,2,Capomulin,Male,18,17
1753,u364,40,36.0,2,Capomulin,Male,18,17
1754,u364,45,31.0,3,Capomulin,Male,18,17
1755,j119,0,45.0,0,Capomulin,Female,7,23
1756,j119,5,45.8,0,Capomulin,Female,7,23
1757,j119,10,46.4,0,Capomulin,Female,7,23
1758,j119,15,47.3,0,Capomulin,Female,7,23
1759,j119,20,48.2,1,Capomulin,Female,7,23
1760,j119,25,42.4,1,Capomulin,Female,7,23
1761,j119,30,43.0,1,Capomulin,Female,7,23
1762,j119,35,43.8,1,Capomulin,Female,7,23
1763,j119,40,44.6,1,Capomulin,Female,7,23
1764,j119,45,38.1,1,Capomulin,Female,7,23
1765,v923,0,45.0,0,Capomulin,Female,19,21
1766,v923,5,45.7,0,Capomulin,Female,19,21
1767,v923,10,39.8,0,Capomulin,Female,19,21
1768,v923,15,40.5,0,Capomulin,Female,19,21
1769,v923,20,39.6,0,Capomulin,Female,19,21
1770,v923,25,40.2,1,Capomulin,Female,19,21
1771,v923,30,40.8,2,Capomulin,Female,19,21
1772,v923,35,41.4,2,Capomulin,Female,19,21
1773,v923,40,42.2,2,Capomulin,Female,19,21
1774,v923,45,40.7,2,Capomulin,Female,19,21
1775,w914,0,45.0,0,Capomulin,Male,24,21
1776,w914,5,45.9,0,Capomulin,Male,24,21
1777,w914,10,43.2,0,Capomulin,Male,24,21
1778,w914,15,43.7,0,Capomulin,Male,24,21
1779,w914,20,41.1,0,Capomulin,Male,24,21
1780,w914,25,40.3,0,Capomulin,Male,24,21
1781,w914,30,41.0,0,Capomulin,Male,24,21
1782,w914,35,41.7,1,Capomulin,Male,24,21
1783,w914,40,35.6,2,Capomulin,Male,24,21
1784,w914,45,36.0,2,Capomulin,Male,24,21
1785,i738,0,45.0,0,Capomulin,Female,23,20
1786,i738,5,45.6,0,Capomulin,Female,23,20
1787,i738,10,43.4,0,Capomulin,Female,23,20
1788,i738,15,38.0,0,Capomulin,Female,23,20
1789,i738,20,38.5,0,Capomulin,Female,23,20
1790,i738,25,35.0,0,Capomulin,Female,23,20
1791,i738,30,35.6,1,Capomulin,Female,23,20
1792,i738,35,36.2,1,Capomulin,Female,23,20
1793,i738,40,36.8,2,Capomulin,Female,23,20
1794,i738,45,37.3,2,Capomulin,Female,23,20
1795,r944,0,45.0,0,Capomulin,Male,12,25
1796,r944,5,45.7,0,Capomulin,Male,12,25
1797,r944,10,46.5,0,Capomulin,Male,12,25
1798,r944,15,47.4,0,Capomulin,Male,12,25
1799,r944,20,43.2,1,Capomulin,Male,12,25
1800,r944,25,41.1,1,Capomulin,Male,12,25
1801,r944,30,41.7,1,Capomulin,Male,12,25
1802,r944,35,40.4,2,Capomulin,Male,12,25
1803,r944,40,41.0,2,Capomulin,Male,12,25
1804,r944,45,41.6,2,Capomulin,Male,12,25
1805,y793,0,45.0,0,Capomulin,Male,17,17
1806,y793,5,41.0,0,Capomulin,Male,17,17
1807,y793,10,41.6,1,Capomulin,Male,17,17
1808,y793,15,42.3,1,Capomulin,Male,17,17
1809,y793,20,40.7,2,Capomulin,Male,17,17
1810,y793,25,39.0,2,Capomulin,Male,17,17
1811,y793,30,35.7,2,Capomulin,Male,17,17
1812,y793,35,36.3,2,Capomulin,Male,17,17
1813,y793,40,31.5,2,Capomulin,Male,17,17
1814,y793,45,31.9,2,Capomulin,Male,17,17
1815,g316,0,45.0,0,Capomulin,Female,22,22
1816,g316,5,44.0,0,Capomulin,Female,22,22
1817,g316,10,44.5,0,Capomulin,Female,22,22
1818,g316,15,45.2,0,Capomulin,Female,22,22
1819,g316,20,45.9,1,Capomulin,Female,22,22
1820,g316,25,46.8,1,Capomulin,Female,22,22
1821,g316,30,44.2,2,Capomulin,Female,22,22
1822,g316,35,44.7,2,Capomulin,Female,22,22
1823,g316,40,45.6,2,Capomulin,Female,22,22
1824,g316,45,40.2,2,Capomulin,Female,22,22
1825,g288,0,45.0,0,Capomulin,Male,3,19
1826,g288,5,45.8,0,Capomulin,Male,3,19
1827,g288,10,46.3,1,Capomulin,Male,3,19
1828,g288,15,42.2,1,Capomulin,Male,3,19
1829,g288,20,43.0,1,Capomulin,Male,3,19
1830,g288,25,42.4,1,Capomulin,Male,3,19
1831,g288,30,42.9,1,Capomulin,Male,3,19
1832,g288,35,39.0,1,Capomulin,Male,3,19
1833,g288,40,36.4,1,Capomulin,Male,3,19
1834,g288,45,37.1,1,Capomulin,Male,3,19
1835,l897,0,45.0,0,Capomulin,Male,17,19
1836,l897,5,45.5,0,Capomulin,Male,17,19
1837,l897,10,46.2,0,Capomulin,Male,17,19
1838,l897,15,44.1,0,Capomulin,Male,17,19
1839,l897,20,44.8,0,Capomulin,Male,17,19
1840,l897,25,45.4,0,Capomulin,Male,17,19
1841,l897,30,39.4,1,Capomulin,Male,17,19
1842,l897,35,37.7,1,Capomulin,Male,17,19
1843,l897,40,38.3,1,Capomulin,Male,17,19
1844,l897,45,38.8,1,Capomulin,Male,17,19
1845,w150,0,45.0,0,Capomulin,Male,23,23
1846,w150,5,39.2,0,Capomulin,Male,23,23
1847,w150,10,40.0,0,Capomulin,Male,23,23
1848,t565,0,45.0,0,Capomulin,Female,20,17
1849,t565,5,45.9,0,Capomulin,Female,20,17
1850,t565,10,46.7,0,Capomulin,Female,20,17
1851,t565,15,44.4,0,Capomulin,Female,20,17
1852,t565,20,39.1,0,Capomulin,Female,20,17
1853,t565,25,37.3,0,Capomulin,Female,20,17
1854,t565,30,32.9,0,Capomulin,Female,20,17
1855,t565,35,33.5,0,Capomulin,Female,20,17
1856,t565,40,33.9,0,Capomulin,Female,20,17
1857,t565,45,34.5,0,Capomulin,Female,20,17
1858,i557,0,45.0,0,Capomulin,Female,1,24
1859,i557,5,42.3,0,Capomulin,Female,1,24
1860,i557,10,43.0,0,Capomulin,Female,1,24
1861,i557,15,43.5,0,Capomulin,Female,1,24
1862,i557,20,44.0,0,Capomulin,Female,1,24
1863,i557,25,44.6,0,Capomulin,Female,1,24
1864,i557,30,45.3,0,Capomulin,Female,1,24
1865,i557,35,45.9,0,Capomulin,Female,1,24
1866,i557,40,46.8,1,Capomulin,Female,1,24
1867,i557,45,47.7,1,Capomulin,Female,1,24
1868,m957,0,45.0,0,Capomulin,Female,3,19
1869,m957,5,45.6,1,Capomulin,Female,3,19
1870,m957,10,46.4,1,Capomulin,Female,3,19
1871,m957,15,39.8,1,Capomulin,Female,3,19
1872,m957,20,38.9,1,Capomulin,Female,3,19
1873,m957,25,37.7,1,Capomulin,Female,3,19
1874,m957,30,38.2,1,Capomulin,Female,3,19
1875,m957,35,32.6,1,Capomulin,Female,3,19
1876,m957,40,32.9,1,Capomulin,Female,3,19
1877,m957,45,33.3,1,Capomulin,Female,3,19
1878,f966,0,45.0,0,Capomulin,Male,16,17
1879,f966,5,38.8,0,Capomulin,Male,16,17
1880,f966,10,35.6,0,Capomulin,Male,16,17
1881,f966,15,32.6,0,Capomulin,Male,16,17
1882,f966,20,30.5,0,Capomulin,Male,16,17
1883,m601,0,45.0,0,Capomulin,Male,22,17
1884,m601,5,41.4,1,Capomulin,Male,22,17
1885,m601,10,36.8,1,Capomulin,Male,22,17
1886,m601,15,35.5,1,Capomulin,Male,22,17
1887,m601,20,34.3,1,Capomulin,Male,22,17
1888,m601,25,33.1,1,Capomulin,Male,22,17
1889,m601,30,31.8,1,Capomulin,Male,22,17
1890,m601,35,30.8,1,Capomulin,Male,22,17
1891,m601,40,31.4,1,Capomulin,Male,22,17
1892,m601,45,28.4,1,Capomulin,Male,22,17
